image_path,label,racun_id
output_rows/grejanje11_racun_za_grejanje_r0.jpg,Naziv i vrsta usluge Datum Količina JM Cena Iznos,grejanje11
output_rows/grejanje11_racun_za_grejanje_r1.jpg,"Naknada po osnovu toplotne dobiti 31.05.2021 53.000 m2 104.1000 100.00% 5,517.30",grejanje11
output_rows/grejanje11_racun_za_grejanje_r2.jpg,"Popust isključenje 90.00% 4,965.57",grejanje11
output_rows/grejanje11_racun_za_grejanje_r3.jpg,Ukupna naknada 551.73,grejanje11
output_rows/grejanje11_racun_za_grejanje_r4.jpg,PDV: 55.17,grejanje11
output_rows/grejanje11_racun_za_grejanje_r5.jpg,Ukupno za račun: 606.90,grejanje11
output_rows/grejanje12_racun_za_grejanje_r0.jpg,Maziv i vrsta usluge Datum Količina JM Cena Iznos,grejanje12
output_rows/grejanje12_racun_za_grejanje_r1.jpg,"Naknada po osnovu toplotne dobiti 28.02.2026 53.00 m2 85.000 4,505.00",grejanje12
output_rows/grejanje12_racun_za_grejanje_r2.jpg,Fiksni deo 28.02.2026 53.00 m2 6.572 348.32,grejanje12
output_rows/grejanje12_racun_za_grejanje_r3.jpg,"Popust isključenje 53.00 m2 76.500 90.00% 4,054.50",grejanje12
output_rows/grejanje12_racun_za_grejanje_r4.jpg,Ukupna naknada: 798.82,grejanje12
output_rows/grejanje12_racun_za_grejanje_r5.jpg,PDV: 79.88,grejanje12
output_rows/grejanje12_racun_za_grejanje_r6.jpg,Ukupno za račun: 878.70,grejanje12
output_rows/grejanje14_racun_za_smece_r0.jpg,Naziv i vrsta usluge Datum Količina JM Cena Iznos,grejanje14
output_rows/grejanje14_racun_za_smece_r1.jpg,Smeće stamb-posl. 31.05.2021 m2 5.4600 289.38,grejanje14
output_rows/grejanje14_racun_za_smece_r2.jpg,Ukupna naknada: 289.38,grejanje14
output_rows/grejanje14_racun_za_smece_r3.jpg,PDV: 28.94,grejanje14
output_rows/grejanje14_racun_za_smece_r4.jpg,Ukupno za račun: 318.32,grejanje14
output_rows/grejanje2_racun_za_grejanje_r0.jpg,NAziv i vrsta usluge Datum Količina JM Cena Iznos,grejanje2
output_rows/grejanje2_racun_za_grejanje_r1.jpg,"Naknada po osnovu toplotne dobiti 30.09.2025 53.00 m2 85.000 4,505.00",grejanje2
output_rows/grejanje2_racun_za_grejanje_r2.jpg,Fiksni deo 30.09.2025 53.00 m2 6.572 348.32,grejanje2
output_rows/grejanje2_racun_za_grejanje_r3.jpg,"Popust isključenje 53.00 m2 76.500 90.00% 4,054.50",grejanje2
output_rows/grejanje2_racun_za_grejanje_r4.jpg,Ukupna naknada 798.82,grejanje2
output_rows/grejanje2_racun_za_grejanje_r5.jpg,PDV: 79.88,grejanje2
output_rows/grejanje2_racun_za_grejanje_r6.jpg,Ukupno za račun 878.70,grejanje2
output_rows/grejanje3_racun_za_grejanje_r0.jpg,Naziv i vrsta usluge Datum Količina JM Cena Iznos,grejanje3
output_rows/grejanje3_racun_za_grejanje_r1.jpg,"Naknada po osnovu toplotne dobiti 31.03.2026 53.00 m2 85.000 4,505.00",grejanje3
output_rows/grejanje3_racun_za_grejanje_r2.jpg,Fiksni deo 31.03.2026 53.00 m2 6.572 348.32,grejanje3
output_rows/grejanje3_racun_za_grejanje_r3.jpg,"Popust isključenje 53.00 m2 76.500 90.00% 4,054.50",grejanje3
output_rows/grejanje3_racun_za_grejanje_r4.jpg,Popust po broju dana BEZ GREJANJA 29.00/31.00 53.00 m2 0.548 6.45% 29.06,grejanje3
output_rows/grejanje3_racun_za_grejanje_r5.jpg,Ukupna naknada: 769.76,grejanje3
output_rows/grejanje3_racun_za_grejanje_r6.jpg,PDV: 76.98,grejanje3
output_rows/grejanje3_racun_za_grejanje_r7.jpg,Ukupno za račun: 846.74,grejanje3
output_rows/grejanje4_racun_za_grejanje_r0.jpg,Naziv i vrsta usluge Datum Količina JM Cena Iznos,grejanje4
output_rows/grejanje4_racun_za_grejanje_r1.jpg,"Naknada po osnovu toplotne dobiti 31.07.2025 53.00 m2 85.000 4,505.00",grejanje4
output_rows/grejanje4_racun_za_grejanje_r2.jpg,Fiksni deo 31.07.2025 53.00 m2 6.572 348.32,grejanje4
output_rows/grejanje4_racun_za_grejanje_r3.jpg,"Popust isključenje 53.00 m2 76.500 90.00% 4,054.50",grejanje4
output_rows/grejanje4_racun_za_grejanje_r4.jpg,Ukupna naknda: 798.82,grejanje4
output_rows/grejanje4_racun_za_grejanje_r5.jpg,PDV: 79.88,grejanje4
output_rows/uplatnica8_svrha_uplate_r0.jpg,сврха уплате,uplatnica8
output_rows/uplatnica8_svrha_uplate_r1.jpg,POREZ 3 RATA,uplatnica8
output_rows/uplatnica8_uplatnica_r2.jpg,шифра,uplatnica8
output_rows/uplatnica8_uplatnica_r3.jpg,плаћања,uplatnica8
output_rows/uplatnica8_uplatnica_r4.jpg,валута,uplatnica8
output_rows/uplatnica8_uplatnica_r5.jpg,износ,uplatnica8
output_rows/uplatnica8_uplatnica_r6.jpg,рачун примаоца,uplatnica8
output_rows/uplatnica8_uplatnica_r7.jpg,модел и позив на број(одобрење),uplatnica8
output_rows/uplatnica8_uplatnica_r8.jpg,RSD,uplatnica8
output_rows/uplatnica8_uplatnica_r9.jpg,"=440,00",uplatnica8
output_rows/uplatnica8_uplatnica_r10.jpg,840-713121843-57,uplatnica8
output_rows/uplatnica8_uplatnica_r11.jpg,97,uplatnica8
output_rows/uplatnica8_uplatnica_r12.jpg,212330904972800070,uplatnica8
output_rows/uplatnica7_svrha_uplate_r0.jpg,сврха уплате,uplatnica7
output_rows/uplatnica7_svrha_uplate_r1.jpg,Porez na imovinu od fizičkih lica,uplatnica7
output_rows/uplatnica7_uplatnica_r2.jpg,шифра,uplatnica7
output_rows/uplatnica7_uplatnica_r3.jpg,плаћања,uplatnica7
output_rows/uplatnica7_uplatnica_r4.jpg,153,uplatnica7
output_rows/uplatnica7_uplatnica_r5.jpg,валута,uplatnica7
output_rows/uplatnica7_uplatnica_r6.jpg,RSD,uplatnica7
output_rows/uplatnica7_uplatnica_r7.jpg,износ,uplatnica7
output_rows/uplatnica7_uplatnica_r8.jpg,= 440.00,uplatnica7
output_rows/uplatnica7_uplatnica_r9.jpg,рачун примаоца,uplatnica7
output_rows/uplatnica7_uplatnica_r10.jpg,840-0000713121843-57,uplatnica7
output_rows/uplatnica7_uplatnica_r11.jpg,модел и позив на број(одобрење),uplatnica7
output_rows/uplatnica7_uplatnica_r12.jpg,97,uplatnica7
output_rows/uplatnica7_uplatnica_r13.jpg,212330904972800070,uplatnica7
output_rows/uplatnica6_svrha_uplate_r0.jpg,сврха уплате,uplatnica6
output_rows/uplatnica6_svrha_uplate_r1.jpg,III RATA POREZA ZA 2023,uplatnica6
output_rows/uplatnica6_uplatnica_r2.jpg,шифра,uplatnica6
output_rows/uplatnica6_uplatnica_r3.jpg,плаћања,uplatnica6
output_rows/uplatnica6_uplatnica_r4.jpg,валута,uplatnica6
output_rows/uplatnica6_uplatnica_r5.jpg,RSD,uplatnica6
output_rows/uplatnica6_uplatnica_r6.jpg,износ,uplatnica6
output_rows/uplatnica6_uplatnica_r7.jpg,=600.00,uplatnica6
output_rows/uplatnica6_uplatnica_r8.jpg,рачун примаоца,uplatnica6
output_rows/uplatnica6_uplatnica_r9.jpg,840-0000713121843-57,uplatnica6
output_rows/uplatnica6_uplatnica_r10.jpg,модел и позиб на број(одобрење),uplatnica6
output_rows/uplatnica6_uplatnica_r11.jpg,97,uplatnica6
output_rows/uplatnica6_uplatnica_r12.jpg,212330904972800070,uplatnica6
output_rows/uplatnica5_uplatnica_r0.jpg,шифра,uplatnica5
output_rows/uplatnica5_uplatnica_r1.jpg,плаћања,uplatnica5
output_rows/uplatnica5_uplatnica_r2.jpg,валута,uplatnica5
output_rows/uplatnica5_uplatnica_r3.jpg,153,uplatnica5
output_rows/uplatnica5_uplatnica_r4.jpg,RSD,uplatnica5
output_rows/uplatnica5_uplatnica_r5.jpg,износ,uplatnica5
output_rows/uplatnica5_uplatnica_r6.jpg,=600.00,uplatnica5
output_rows/uplatnica5_uplatnica_r7.jpg,рачун примаоца,uplatnica5
output_rows/uplatnica5_uplatnica_r8.jpg,840-0000713121843-57,uplatnica5
output_rows/uplatnica5_uplatnica_r9.jpg,модел и позив на број(одобрење),uplatnica5
output_rows/uplatnica5_uplatnica_r10.jpg,97,uplatnica5
output_rows/uplatnica5_uplatnica_r11.jpg,212330904972800070,uplatnica5
output_rows/uplatnica4_svrha_uplate_r0.jpg,Porez na imovinu od fizi??kih lica,uplatnica4
output_rows/uplatnica4_uplatnica_r1.jpg,шифра,uplatnica4
output_rows/uplatnica4_uplatnica_r2.jpg,плаћања,uplatnica4
output_rows/uplatnica4_uplatnica_r3.jpg,153,uplatnica4
output_rows/uplatnica4_uplatnica_r4.jpg,валута,uplatnica4
output_rows/uplatnica4_uplatnica_r5.jpg,RSD,uplatnica4
output_rows/uplatnica4_uplatnica_r6.jpg,износ,uplatnica4
output_rows/uplatnica4_uplatnica_r7.jpg,= 9486.00,uplatnica4
output_rows/uplatnica4_uplatnica_r8.jpg,рачун примаоца,uplatnica4
output_rows/uplatnica4_uplatnica_r9.jpg,840-0000713121843-57,uplatnica4
output_rows/uplatnica4_uplatnica_r10.jpg,модел и позив на број(одобрење),uplatnica4
output_rows/uplatnica4_uplatnica_r11.jpg,97,uplatnica4
output_rows/uplatnica4_uplatnica_r12.jpg,462232601946802515,uplatnica4
output_rows/uplatnica3_svrha_uplate_r0.jpg,сврха уплате,uplatnica3
output_rows/uplatnica3_svrha_uplate_r1.jpg,Porey na imovinu od fizičkih lica,uplatnica3
output_rows/uplatnica3_uplatnica_r2.jpg,шифра,uplatnica3
output_rows/uplatnica3_uplatnica_r3.jpg,плаћања,uplatnica3
output_rows/uplatnica3_uplatnica_r4.jpg,153,uplatnica3
output_rows/uplatnica3_uplatnica_r5.jpg,валута,uplatnica3
output_rows/uplatnica3_uplatnica_r6.jpg,RSD,uplatnica3
output_rows/uplatnica3_uplatnica_r7.jpg,износ,uplatnica3
output_rows/uplatnica3_uplatnica_r8.jpg,=7500.00,uplatnica3
output_rows/uplatnica3_uplatnica_r9.jpg,рачун примаоца,uplatnica3
output_rows/uplatnica3_uplatnica_r10.jpg,840-0000713121843-57,uplatnica3
output_rows/uplatnica3_uplatnica_r11.jpg,модел и позив на број(одобрење),uplatnica3
output_rows/uplatnica3_uplatnica_r12.jpg,97,uplatnica3
output_rows/uplatnica3_uplatnica_r13.jpg,462232601946802515,uplatnica3
output_rows/grejanje5_racun_za_grejanje_r0.jpg,Naziv i vrsta usluge Datum Količina JM Cena,grejanje5
output_rows/grejanje5_racun_za_grejanje_r0.jpg,"Naknada po osnovu toplotne dobiti 31.01.2025 53.00 m2 85.000 4,505.00",grejanje5
output_rows/grejanje5_racun_za_grejanje_r1.jpg,"Popust isključenje 53.00 m2 76,500 90.00% 4,054.50",grejanje5
output_rows/grejanje5_racun_za_grejanje_r2.jpg,Fiksni deo 31.01.2025 53.00 m2 6.572 348.32,grejanje5
output_rows/grejanje5_racun_za_grejanje_r3.jpg,Kamata:15.67,grejanje5
output_rows/grejanje5_racun_za_grejanje_r4.jpg,Ukupna naknada: 798.82,grejanje5
output_rows/grejanje5_racun_za_grejanje_r5.jpg,PDV: 79.88,grejanje5
output_rows/grejanje5_racun_za_grejanje_r6.jpg,Ukupno za račun: 894.37,grejanje5
output_rows/grejanje7_racun_za_grejanje_r0.jpg,Naziv i vrsta Datum Količina JM Cena Iznos,grejanje7
output_rows/grejanje7_racun_za_grejanje_r1.jpg,"Naknada po osnovu toplotne dobiti 31.06.2025 53.00 m2 85.000 4,505.00",grejanje7
output_rows/grejanje7_racun_za_grejanje_r2.jpg,"Popust isključenje 53.00 m2 76,500 90.00% 4,054.50",grejanje7
output_rows/grejanje7_racun_za_grejanje_r3.jpg,Ukupna naknada: 798.82,grejanje7
output_rows/grejanje7_racun_za_grejanje_r4.jpg,PDV: 79.88,grejanje7
output_rows/grejanje8_racun_za_grejanje_r0.jpg,Naziv i vrsta Datum Količina JM Cena,grejanje8
output_rows/grejanje8_racun_za_grejanje_r1.jpg,Naknada po osnovu toplotne dobiti 31.05.2025 53.00 m2 85.000,grejanje8
output_rows/grejanje8_racun_za_grejanje_r2.jpg,Fiksni deo 31.05.2025 53.00 m2 6.572,grejanje8
output_rows/grejanje8_racun_za_grejanje_r3.jpg,"Popust isključenje 53.00 m2 76,500",grejanje8
output_rows/grejanje9_racun_za_grejanje_r0.jpg,Naziv i vrsta Datum Količina JM Cena Iznos,grejanje9
output_rows/grejanje9_racun_za_grejanje_r1.jpg,"Naknada po osnovu toplotne dobiti 31.01.2025 53.00 m2 85.000 4,505.00",grejanje9
output_rows/grejanje9_racun_za_grejanje_r2.jpg,Fiksni deo 31.01.2025 53.00 m2 6.572 348.32,grejanje9
output_rows/grejanje9_racun_za_grejanje_r3.jpg,"Popust isključenje 53.00 m2 76,500 90.00% 4,054.50",grejanje9
output_rows/grejanje9_racun_za_grejanje_r4.jpg,Ukupna naknada: 798.82,grejanje9
output_rows/grejanje9_racun_za_grejanje_r5.jpg,PDV: 79.88,grejanje9
output_rows/jotel1_jotel_uplatnica_r0.jpg,Шифра Валута Износ Извештај о уплати,jotel1
output_rows/jotel1_jotel_uplatnica_r1.jpg,189 Дин 1.00,jotel1
output_rows/jotel1_jotel_uplatnica_r2.jpg,Рачун,jotel1
output_rows/jotel1_jotel_uplatnica_r3.jpg,Модел Позив на број,jotel1
output_rows/jotel1_jotel_uplatnica_r4.jpg,09806000311250108,jotel1
output_rows/jotel1_jotel_r5.jpg,Р.бр Услуга Период Статус безПДВ Попуст Нето ПДВ% ПДВ,jotel1
output_rows/jotel1_jotel_r6.jpg,1. Оптик 1с 11.25 Активан 0.83 0 0.83 20,jotel1
output_rows/jotel4_jotel_uplatnica_r0.jpg,Шифра Валута Износ Извештај о уплати,jotel4
output_rows/jotel4_jotel_uplatnica_r1.jpg,189 Дин 1.00,jotel4
output_rows/jotel4_jotel_uplatnica_r2.jpg,Рачун,jotel4
output_rows/jotel4_jotel_uplatnica_r3.jpg,265-4010310003394-52,jotel4
output_rows/jotel4_jotel_uplatnica_r4.jpg,Модел Позив на број,jotel4
output_rows/jotel4_jotel_uplatnica_r5.jpg,09806000302260108,jotel4
output_rows/jotel4_jotel_r6.jpg,Р.бр Услуга Период Статус безПДВ Попуст Нето ПДВ% ПДВ Вредност,jotel4
output_rows/jotel4_jotel_r7.jpg,"1. Оптик 1с 2.26 Активан 0.83 0 0.83 20 0,17",jotel4
output_rows/jotel5_jotel_r0.jpg,"1. Оптик 1с 3.26 Активан 0.83 0 0.83 20 0,17",jotel5
output_rows/jotel5_jotel_r1.jpg,Р.бр Услуга Период Статус безПДВ Попуст Нето ПДВ% ПДВ,jotel5
output_rows/jotel5_jotel_uplatnica_r0.jpg,265-4010310003394-52,jotel5
output_rows/jotel5_jotel_uplatnica_r1.jpg,Модел Позив на број,jotel5
output_rows/jotel5_jotel_uplatnica_r2.jpg,09806000303260108,jotel5
output_rows/mts8_mts_iznos_r0.jpg,"UKUPNO ZA PLAĆANJE: 1.103,32",mts8
output_rows/mts7_mts_iznos_r1.jpg,"UKUPNO ZA PLAĆANJE: 1.640,41",mts7
output_rows/mts7_mts_uplatnica_r2.jpg,01.01.2026.-31.01.2026.,mts7
output_rows/mts7_mts_uplatnica_r3.jpg,"=1.640,41 Din.",mts7
output_rows/mts7_mts_uplatnica_r4.jpg,97 03-292-064-3454559,mts7
output_rows/mts7_mts_r5.jpg,Usluga Iznos Popust Osnovica StopaPDV  PDV,mts7
output_rows/mts7_mts_r6.jpg,"1.Naknada 1.749,17 1.132,83 616,34 20% 123,27",mts7
output_rows/mts8_mts_r0.jpg,Usluga Iznos Popust Osnovica StopaPDV  PDV,mts8
output_rows/mts8_mts_r1.jpg,"1.Naknada 1.032,78 83,33 919,43 20% 153,89",mts8
output_rows/mts8_mts_uplatnica_r2.jpg,01.01.2026.-31.01.2026.,mts8
output_rows/mts8_mts_uplatnica_r3.jpg,"=1.103,32 Din.",mts8
output_rows/mts8_mts_uplatnica_r4.jpg,97 97-292-064-3454560,mts8
output_rows/mts5_mts_r0.jpg,Usluga Iznos Popust Osnovica StopaPDV,mts5
output_rows/mts5_mts_r1.jpg,"1.Naknada 969,92 83,33 886,59 20%",mts5
output_rows/mts5_mts_r2.jpg,"2.Saobraćaj 15,00 15,00 20%",mts5
output_rows/mts5_mts_uplatnica_r3.jpg,01.01.2026.-31.01.2026.,mts5
output_rows/mts5_mts_uplatnica_r4.jpg,"=1.081,91 Din.",mts5
output_rows/mts5_mts_uplatnica_r5.jpg,97 45-292-066-3313355,mts5
output_rows/mts5_mts_iznos_r6.jpg,"UKUPNO ZA PLAĆANJE: 1.081,91",mts5
output_rows/mts4_mts_r0.jpg,Usluga Iznos Popust Osnovica StopaPDV,mts4
output_rows/mts4_mts_r1.jpg,"1.Naknada 1.749,17 1.132,83 616,34 20%",mts4
output_rows/mts4_mts_iznos_r2.jpg,"UKUPNO ZA PLAĆANJE: 739,61",mts4
output_rows/mts4_mts_uplatnica_r3.jpg,01.02.2026.-28.02.2026.,mts4
output_rows/mts4_mts_uplatnica_r4.jpg,"=739,61 Din.",mts4
output_rows/mts4_mts_uplatnica_r5.jpg,97 71-293-064-3281989,mts4
output_rows/mts1_mts_uplatnica_r0.jpg,01.02.2026.-28.02.2026.,mts1
output_rows/mts1_mts_uplatnica_r1.jpg,"=329,51 Din.",mts1
output_rows/mts1_mts_uplatnica_r2.jpg,97 82-293-019-3170331,mts1
output_rows/mts12_mts_uplatnica_r0.jpg,01.01.2026.-31.01.2026.,mts12
output_rows/mts12_mts_uplatnica_r1.jpg,"=329,51 Din.",mts12
output_rows/mts12_mts_uplatnica_r2.jpg,97 67-292-019-3313363,mts12
output_rows/mts13_mts_r0.jpg,Usluga Iznos Popust Osnovica StopaPDV  PDV,mts13
output_rows/mts13_mts_r1.jpg,"Naknada 1.955,83 0,00 1.965,83 20% 393,17",mts13
output_rows/mts13_mts_iznos_r2.jpg,"UKUPNO ZA PLAĆANJE: 2.359,00",mts13
output_rows/mts13_mts_uplatnica_r3.jpg,01.12.2020.-31.12.2020.,mts13
output_rows/mts13_mts_uplatnica_r4.jpg,"=2.359,00 Din.",mts13
output_rows/mts14_mts_r0.jpg,Usluga Iznos Popust Osnovica StopaPDV  PDV,mts14
output_rows/mts14_mts_r1.jpg,"1.Naknada 1.109,70 93,33 1.026,37 20% 205,27",mts14
output_rows/mts14_mts_r2.jpg,"2.Saobraćaj 6,00 6,00 20% 1,20",mts14
output_rows/mts14_mts_uplatnica_r3.jpg,01.01.2026.-31.01.2026.,mts14
output_rows/mts14_mts_uplatnica_r4.jpg,"=1.250,84 Din.",mts14
output_rows/mts14_mts_uplatnica_r5.jpg,97 27-292-066-3313361,mts14
output_rows/mts14_mts_iznos_r6.jpg,"UKUPNO ZA PLAĆANJE: 1.250,84",mts14
output_rows/mts15_mts_r0.jpg,Usluga Iznos Popust Osnovica StopaPDV,mts15
output_rows/mts15_mts_r1.jpg,"1.Naknada 1.965,83 1.965,83 20%",mts15
output_rows/mts15_mts_uplatnica_r2.jpg,01.03.2021.-31.03.2021.,mts15
output_rows/mts15_mts_uplatnica_r3.jpg,"=2.359,00 Din.",mts15
output_rows/mts15_mts_iznos_r4.jpg,"UKUPNO ZA PLAĆANJE: 2.359,00",mts15
output_rows/mts15_mts_uplatnica_r5.jpg,97 48-234-019-2133749,mts15
output_rows/mts16_mts_uplatnica_r0.jpg,01.06.2021.-30.06.2021.,mts16
output_rows/mts16_mts_uplatnica_r1.jpg,"=2.359,00 Din.",mts16
output_rows/mts16_mts_uplatnica_r2.jpg,97 27-237-019-2185601,mts16
output_rows/mts16_mts_r3.jpg,Usluga Iznos Popust Osnovica StopaPDV,mts16
output_rows/mts16_mts_r4.jpg,Usluga Iznos Popust Osnovica StopaPDV,mts16
output_rows/uplatnica24_uplatnica_r0.jpg,Šifra,uplatnica24
output_rows/uplatnica24_uplatnica_r1.jpg,plaćanja,uplatnica24
output_rows/uplatnica24_uplatnica_r2.jpg,166,uplatnica24
output_rows/uplatnica24_uplatnica_r3.jpg,Valuta,uplatnica24
output_rows/uplatnica24_uplatnica_r4.jpg,941,uplatnica24
output_rows/uplatnica24_uplatnica_r5.jpg,Iznos,uplatnica24
output_rows/uplatnica24_uplatnica_r6.jpg,"3,106.00",uplatnica24
output_rows/uplatnica24_uplatnica_r7.jpg,Račun primaoca / platioca / broj kartice,uplatnica24
output_rows/uplatnica24_uplatnica_r8.jpg,5354 ****2474,uplatnica24
output_rows/uplatnica24_uplatnica_r9.jpg,Model i poziv na broj (odobrenje),uplatnica24
output_rows/uplatnica24_uplatnica_r10.jpg,/ (zaduženje),uplatnica24
output_rows/uplatnica24_uplatnica_r11.jpg,CCI50012-236158,uplatnica24
output_rows/uplatnica24_uplatnica_r12.jpg,Hitno,uplatnica24
output_rows/uplatnica1_uplatnica_r0.jpg,шифра,uplatnica1
output_rows/uplatnica1_uplatnica_r1.jpg,плаћања,uplatnica1
output_rows/uplatnica1_uplatnica_r2.jpg,валута,uplatnica1
output_rows/uplatnica1_uplatnica_r3.jpg,189,uplatnica1
output_rows/uplatnica1_uplatnica_r4.jpg,RSD,uplatnica1
output_rows/uplatnica1_uplatnica_r5.jpg,износ,uplatnica1
output_rows/uplatnica1_uplatnica_r6.jpg,=500.00,uplatnica1
output_rows/uplatnica1_uplatnica_r7.jpg,рачун примаоца,uplatnica1
output_rows/uplatnica1_uplatnica_r8.jpg,205-0000000272629-08,uplatnica1
output_rows/uplatnica1_uplatnica_r9.jpg,модел и позив на број(одобрење),uplatnica1
output_rows/uplatnica1_uplatnica_r10.jpg,0,uplatnica1
output_rows/uplatnica1_uplatnica_r11.jpg,40-2022-11-4327-02,uplatnica1
output_rows/uplatnica10_uplatnica_r0.jpg,шифра,uplatnica10
output_rows/uplatnica10_uplatnica_r1.jpg,плаћања,uplatnica10
output_rows/uplatnica10_uplatnica_r2.jpg,189,uplatnica10
output_rows/uplatnica10_uplatnica_r3.jpg,валута,uplatnica10
output_rows/uplatnica10_uplatnica_r4.jpg,RSD,uplatnica10
output_rows/uplatnica10_uplatnica_r5.jpg,износ,uplatnica10
output_rows/uplatnica10_uplatnica_r6.jpg,=600.00,uplatnica10
output_rows/uplatnica10_uplatnica_r7.jpg,рачун примаоца,uplatnica10
output_rows/uplatnica10_uplatnica_r8.jpg,205-0000000272629-08,uplatnica10
output_rows/uplatnica10_uplatnica_r9.jpg,модел и позив на број(одобрење),uplatnica10
output_rows/uplatnica10_uplatnica_r10.jpg,0,uplatnica10
output_rows/uplatnica10_uplatnica_r11.jpg,40-2021-11-4327-02,uplatnica10
output_rows/uplatnica11_uplatnica_r0.jpg,шифра,uplatnica11
output_rows/uplatnica11_uplatnica_r1.jpg,плаћања,uplatnica11
output_rows/uplatnica11_uplatnica_r2.jpg,189,uplatnica11
output_rows/uplatnica11_uplatnica_r3.jpg,валута,uplatnica11
output_rows/uplatnica11_uplatnica_r4.jpg,RSD,uplatnica11
output_rows/uplatnica11_uplatnica_r5.jpg,износ,uplatnica11
output_rows/uplatnica11_uplatnica_r6.jpg,=6700.00,uplatnica11
output_rows/uplatnica11_uplatnica_r7.jpg,рачун примаоца,uplatnica11
output_rows/uplatnica11_uplatnica_r8.jpg,200-3425950101001-62,uplatnica11
output_rows/uplatnica11_uplatnica_r9.jpg,модел и позив на број(одобрење),uplatnica11
output_rows/uplatnica11_uplatnica_r10.jpg,97,uplatnica11
output_rows/uplatnica11_uplatnica_r11.jpg,53502511820131,uplatnica11
output_rows/uplatnica11_svrha_uplate_r12.jpg,сврха уплате,uplatnica11
output_rows/uplatnica11_svrha_uplate_r13.jpg,Prirodni gas za: 01.01.-31.01.22,uplatnica11
output_rows/uplatnica12_svrha_uplate_r0.jpg,сврха уплате,uplatnica12
output_rows/uplatnica12_svrha_uplate_r1.jpg,Uplata po racunu,uplatnica12
output_rows/uplatnica12_uplatnica_r2.jpg,шифра,uplatnica12
output_rows/uplatnica12_uplatnica_r3.jpg,плаћања,uplatnica12
output_rows/uplatnica12_uplatnica_r4.jpg,валута,uplatnica12
output_rows/uplatnica12_uplatnica_r5.jpg,RSD,uplatnica12
output_rows/uplatnica12_uplatnica_r6.jpg,износ,uplatnica12
output_rows/uplatnica12_uplatnica_r7.jpg,"4,139.41",uplatnica12
output_rows/uplatnica12_uplatnica_r8.jpg,рачун примаоца,uplatnica12
output_rows/uplatnica12_uplatnica_r9.jpg,310-0000000000011-83,uplatnica12
output_rows/uplatnica12_uplatnica_r10.jpg,број,uplatnica12
output_rows/uplatnica12_uplatnica_r11.jpg,модела,uplatnica12
output_rows/uplatnica12_uplatnica_r12.jpg,97,uplatnica12
output_rows/uplatnica12_uplatnica_r13.jpg,позив на број(одобрење),uplatnica12
output_rows/uplatnica12_uplatnica_r14.jpg,81-238-021-2983983,uplatnica12
output_rows/uplatnica13_svrha_uplate_r0.jpg,"Draženka Tošić, Bihaćka 19A, Novi Sad, 21127",uplatnica13
output_rows/uplatnica13_uplatnica_r1.jpg,шифра,uplatnica13
output_rows/uplatnica13_uplatnica_r2.jpg,плаћања,uplatnica13
output_rows/uplatnica13_uplatnica_r3.jpg,189,uplatnica13
output_rows/uplatnica13_uplatnica_r4.jpg,валута,uplatnica13
output_rows/uplatnica13_uplatnica_r5.jpg,RSD,uplatnica13
output_rows/uplatnica13_uplatnica_r6.jpg,износ,uplatnica13
output_rows/uplatnica13_uplatnica_r7.jpg,598.99,uplatnica13
output_rows/uplatnica13_uplatnica_r8.jpg,рачун примаоца,uplatnica13
output_rows/uplatnica13_uplatnica_r9.jpg,265-1110312345678-24,uplatnica13
output_rows/uplatnica13_uplatnica_r10.jpg,број,uplatnica13
output_rows/uplatnica13_uplatnica_r11.jpg,модела,uplatnica13
output_rows/uplatnica13_uplatnica_r12.jpg,позив на број (одобрење),uplatnica13
output_rows/uplatnica13_uplatnica_r13.jpg,97,uplatnica13
output_rows/uplatnica13_uplatnica_r14.jpg,75600188656959,uplatnica13
output_rows/uplatnica15_uplatnica_r0.jpg,Šifra,uplatnica15
output_rows/uplatnica15_uplatnica_r1.jpg,plaćanja,uplatnica15
output_rows/uplatnica15_uplatnica_r2.jpg,Valuta,uplatnica15
output_rows/uplatnica15_uplatnica_r3.jpg,Iznos,uplatnica15
output_rows/uplatnica15_uplatnica_r4.jpg,NALOG ZA UPLATU / ISPLATU,uplatnica15
output_rows/uplatnica15_uplatnica_r5.jpg,189,uplatnica15
output_rows/uplatnica15_uplatnica_r6.jpg,941,uplatnica15
output_rows/uplatnica15_uplatnica_r7.jpg,80.00,uplatnica15
output_rows/uplatnica15_uplatnica_r8.jpg,Račun primaoca,uplatnica15
output_rows/uplatnica15_uplatnica_r9.jpg,/ platioca / broj kartice,uplatnica15
output_rows/uplatnica15_uplatnica_r10.jpg,Model i poziv na broj(odobrenje),uplatnica15
output_rows/uplatnica15_uplatnica_r11.jpg,/ (zaduženje),uplatnica15
output_rows/uplatnica15_uplatnica_r12.jpg,Hitno,uplatnica15
output_rows/uplatnica18_uplatnica_r0.jpg,Šifra,uplatnica18
output_rows/uplatnica18_uplatnica_r1.jpg,plaćanja,uplatnica18
output_rows/uplatnica18_uplatnica_r2.jpg,189,uplatnica18
output_rows/uplatnica18_uplatnica_r3.jpg,Valuta,uplatnica18
output_rows/uplatnica18_uplatnica_r4.jpg,941,uplatnica18
output_rows/uplatnica18_uplatnica_r5.jpg,Iznos,uplatnica18
output_rows/uplatnica18_uplatnica_r6.jpg,NALOG ZA UPLATU,uplatnica18
output_rows/uplatnica18_uplatnica_r7.jpg,"3,011.46",uplatnica18
output_rows/uplatnica18_uplatnica_r8.jpg,Račun primaoca,uplatnica18
output_rows/uplatnica18_uplatnica_r9.jpg,310000000000001183,uplatnica18
output_rows/uplatnica18_uplatnica_r10.jpg,Model i poziv na broj (odobrenje),uplatnica18
output_rows/uplatnica18_uplatnica_r11.jpg,97,uplatnica18
output_rows/uplatnica18_uplatnica_r12.jpg,38-233-021-2449255,uplatnica18
output_rows/uplatnica2_svrha_uplate_r0.jpg,Transakcija po nalogu građana.,uplatnica2
output_rows/uplatnica2_uplatnica_r1.jpg,шифра,uplatnica2
output_rows/uplatnica2_uplatnica_r2.jpg,плаћања,uplatnica2
output_rows/uplatnica2_uplatnica_r3.jpg,189,uplatnica2
output_rows/uplatnica2_uplatnica_r4.jpg,валута,uplatnica2
output_rows/uplatnica2_uplatnica_r5.jpg,износ,uplatnica2
output_rows/uplatnica2_uplatnica_r6.jpg,= 600.00,uplatnica2
output_rows/uplatnica2_uplatnica_r7.jpg,рачун примаоца,uplatnica2
output_rows/uplatnica2_uplatnica_r8.jpg,205-0000000272629-08,uplatnica2
output_rows/uplatnica2_uplatnica_r9.jpg,модел и позив на број(одобрење),uplatnica2
output_rows/uplatnica2_uplatnica_r10.jpg,0,uplatnica2
output_rows/uplatnica2_uplatnica_r11.jpg,40-2021-11-4327-02,uplatnica2
output_rows/uplatnica2_uplatnica_r12.jpg,RSD,uplatnica2
output_rows/uplatnica20_uplatnica_r0.jpg,Šifra,uplatnica20
output_rows/uplatnica20_uplatnica_r1.jpg,plaćanja,uplatnica20
output_rows/uplatnica20_uplatnica_r2.jpg,189,uplatnica20
output_rows/uplatnica20_uplatnica_r3.jpg,Valuta,uplatnica20
output_rows/uplatnica20_uplatnica_r4.jpg,941,uplatnica20
output_rows/uplatnica20_uplatnica_r5.jpg,Iznos,uplatnica20
output_rows/uplatnica20_uplatnica_r6.jpg,NALOG ZA UPLATU,uplatnica20
output_rows/uplatnica20_uplatnica_r7.jpg,867.20,uplatnica20
output_rows/uplatnica20_uplatnica_r8.jpg,Račun primaoca,uplatnica20
output_rows/uplatnica20_uplatnica_r9.jpg,265104031000049722,uplatnica20
output_rows/uplatnica20_uplatnica_r10.jpg,Model i poziv na broj(odobrenje),uplatnica20
output_rows/uplatnica20_uplatnica_r11.jpg,97,uplatnica20
output_rows/uplatnica20_uplatnica_r12.jpg,35-02426989-2102,uplatnica20
output_rows/uplatnica21_uplatnica_r0.jpg,Šifra,uplatnica21
output_rows/uplatnica21_uplatnica_r1.jpg,plaćanja,uplatnica21
output_rows/uplatnica21_uplatnica_r2.jpg,189,uplatnica21
output_rows/uplatnica21_uplatnica_r3.jpg,Valuta,uplatnica21
output_rows/uplatnica21_uplatnica_r4.jpg,941,uplatnica21
output_rows/uplatnica21_uplatnica_r5.jpg,Iznos,uplatnica21
output_rows/uplatnica21_uplatnica_r6.jpg,NALOG ZA UPLATU,uplatnica21
output_rows/uplatnica21_uplatnica_r7.jpg,"10,400.00",uplatnica21
output_rows/uplatnica21_uplatnica_r8.jpg,Račun primaoca,uplatnica21
output_rows/uplatnica21_uplatnica_r9.jpg,845000000039084986,uplatnica21
output_rows/uplatnica21_uplatnica_r10.jpg,Model i poziv na broj (odobrenje),uplatnica21
output_rows/uplatnica21_uplatnica_r11.jpg,97,uplatnica21
output_rows/uplatnica21_uplatnica_r12.jpg,45-100-01412841588-000,uplatnica21
output_rows/uplatnica21_uplatnica_r13.jpg,Hitno,uplatnica21
output_rows/uplatnica22_uplatnica_r0.jpg,Šifra,uplatnica22
output_rows/uplatnica22_uplatnica_r1.jpg,plaćanja,uplatnica22
output_rows/uplatnica22_uplatnica_r2.jpg,Valuta,uplatnica22
output_rows/uplatnica22_uplatnica_r3.jpg,Iznos,uplatnica22
output_rows/uplatnica22_uplatnica_r4.jpg,NALOG ZA UPLATU,uplatnica22
output_rows/uplatnica22_uplatnica_r5.jpg,189,uplatnica22
output_rows/uplatnica22_uplatnica_r6.jpg,941,uplatnica22
output_rows/uplatnica22_uplatnica_r7.jpg,"3,011.46",uplatnica22
output_rows/uplatnica22_uplatnica_r8.jpg,Račun primaoca,uplatnica22
output_rows/uplatnica22_uplatnica_r9.jpg,310000000000001183,uplatnica22
output_rows/uplatnica22_uplatnica_r10.jpg,Model i poziv na broj (odobrenje),uplatnica22
output_rows/uplatnica22_uplatnica_r11.jpg,97,uplatnica22
output_rows/uplatnica22_uplatnica_r12.jpg,38-233-021-2449255,uplatnica22
output_rows/struja77_racun_za_struju_r0.jpg,ПОТРОШЊА У ОБРАЧУНСКОМ ПЕРИОДУ 599kWh,struja77
output_rows/struja77_racun_za_struju_r1.jpg,"A УКУПНО ЗАДУЖЕЊЕ ЗА ОБРАЧУНСКИ ПЕРИОД 5.594,90 дин",struja77
output_rows/struja77_racun_za_struju_r2.jpg,"Б ПРЕПЛАТА ЗА ПРЕТХОДНИ ОБРАЧУНСКИ ПЕРИОД 0,00 дин",struja77
output_rows/struja77_racun_za_struju_r3.jpg,"В ЗА УПЛАТУ ЗА ЕЛЕКТРИЧНУ ЕНЕРГИЈУ(А+Б) и ЗП 5.825,67 дин",struja77
output_rows/struja77_racun_za_struju_r4.jpg,Рок за плаћање: 28.03.2026.,struja77
output_rows/struja78_racun_za_struju_r0.jpg,Утрошено,struja78
output_rows/struja78_racun_za_struju_r1.jpg,Цена по,struja78
output_rows/struja78_racun_za_struju_r2.jpg,јединици,struja78
output_rows/struja78_racun_za_struju_r3.jpg,Износ,struja78
output_rows/struja78_racun_za_struju_r4.jpg,(динара),struja78
output_rows/struja78_racun_za_struju_r5.jpg,(kW/kWh),struja78
output_rows/struja78_racun_za_struju_r6.jpg,ТРОШКОВИ КОЈИ НЕ ЗАВИСЕ ОД ПОТРОШЊЕ ЕЛЕКТРИЧНЕ ЕНЕРГИЈЕ,struja78
output_rows/struja78_racun_za_struju_r7.jpg,ТАРИФА,struja78
output_rows/struja78_racun_za_struju_r8.jpg,"1 Обрачунска снага(kW) 11,04 50,443 556,89",struja78
output_rows/struja78_racun_za_struju_r9.jpg,"2 Трошак гарантованог снабдевача 137,93",struja78
output_rows/struja78_racun_za_struju_r10.jpg,"3 ЕНЕРГИЈА(kWh) 362 1.566,04",struja78
output_rows/struja78_racun_za_struju_r11.jpg,Зелена зона,struja78
output_rows/struja78_racun_za_struju_r12.jpg,Плава зона,struja78
output_rows/struja78_racun_za_struju_r13.jpg,Црвена зона,struja78
output_rows/struja78_racun_za_struju_r14.jpg,"Виша тарифа(ВТ) 171 6,196 1.059,52",struja78
output_rows/struja78_racun_za_struju_r15.jpg,"Нижа тарифа(НТ) 144 1,549 223,06",struja78
output_rows/struja78_racun_za_struju_r16.jpg,Једнотарифно(ЈТ)/ДУТ,struja78
output_rows/struja78_racun_za_struju_r17.jpg,"Виша тарифа(ВТ) 25 9,294 232,35",struja78
output_rows/struja78_racun_za_struju_r18.jpg,"Нижа тарифа(НТ) 22 2,323 51,11",struja78
output_rows/struja78_racun_za_struju_r19.jpg,"Остварена просечна цена електричне енергије (дин/kWh) 6,25",struja78
output_rows/struja78_racun_za_struju_r20.jpg,"4 ЗАДУЖЕЊЕ ЗА ЕЛЕКТРИЧНУ ЕНЕРГИЈУ У ОБРАЧУНСКОМ ПЕРИОДУ(1+2+3) 2.260,86",struja78
output_rows/mts17_mts_r0.jpg,Usluga Iznos Popust Osnovica StopaPDV  PDV,mts17
output_rows/mts17_mts_r1.jpg,"1.Naknada 915,83 632,83 283,00 20% 56,60",mts17
output_rows/mts17_mts_iznos_r2.jpg,"UKUPNO ZA PLAĆANJE: 339,60",mts17
output_rows/mts17_mts_uplatnica_r3.jpg,01.02.2026.-28.02.2026.,mts17
output_rows/mts17_mts_uplatnica_r4.jpg,"=339,60 Din.",mts17
output_rows/mts17_mts_uplatnica_r5.jpg,97 60-293-066-3170323,mts17
output_rows/mts18_mts_r0.jpg,"1.Naknada 915,83 632,83 283,00 20% 56,00",mts18
output_rows/mts18_mts_r1.jpg,Usluga Iznos Popust Osnovica StopaPDV  PDV,mts18
output_rows/mts18_mts_uplatnica_r2.jpg,01.03.2026.-31.03.2026.,mts18
output_rows/mts18_mts_uplatnica_r3.jpg,"=339,60 Din.",mts18
output_rows/mts18_mts_uplatnica_r4.jpg,97 73-294-064-3441666,mts18
output_rows/mts18_mts_iznos_r5.jpg,"UKUPNO ZA PLAĆANJE: 339,60",mts18
output_rows/mts3_mts_r0.jpg,Usluga Iznos Popust Osnovica StopaPDV  PDV,mts3
output_rows/mts3_mts_r1.jpg,"1.Naknada 915,83 632,83 283,00 20% 56,60",mts3
output_rows/mts3_mts_iznos_r2.jpg,"UKUPNO ZA PLAĆANJE: 339,60",mts3
output_rows/mts3_mts_uplatnica_r3.jpg,01.03.2026.-31.03.2026.,mts3
output_rows/mts3_mts_uplatnica_r4.jpg,"=339,60 Din.",mts3
output_rows/mts3_mts_uplatnica_r5.jpg,97 85-294-066-1458539,mts3
output_rows/odrzavanje_zgrade1_stambena_zajednica_iznos_r0.jpg,"Vaše dugovanje sa ovim računom iznosi: 2.011,12 RSD",odrzavanje_zgrade1
output_rows/odrzavanje_zgrade1_stambena_zajednica_r1.jpg,Bar Cena bez % Iznos,odrzavanje_zgrade1
output_rows/odrzavanje_zgrade1_stambena_zajednica_r2.jpg,Šifra Naziv artikla kod JM KOL PDV Rabat PDV PDV,odrzavanje_zgrade1
output_rows/odrzavanje_zgrade1_stambena_zajednica_r3.jpg,"000019 TEKUĆE ODRŽAVANJE MES 1,000 661,00 0,00 0% 0,00",odrzavanje_zgrade1
output_rows/odrzavanje_zgrade1_stambena_zajednica_r4.jpg,"000020 INVESTICIONO ODRŽAVANJE M2 53,000 14,32 0,00 0% 0,00",odrzavanje_zgrade1
output_rows/odrzavanje_zgrade1_stambena_zajednica_r5.jpg,"000021 NAKNADA ZA RAD PROFESIONALNOG MES 1,000 474,56 0,00 0% 0,00",odrzavanje_zgrade1
output_rows/odrzavanje_zgrade1_stambena_zajednica_r6.jpg,UPRAVNIK,odrzavanje_zgrade1
output_rows/odrzavanje_zgrade1_stambena_zajednica_r7.jpg,"000024 PREMIJA OSIGURANJA MES 1,000 116,60 0,00 0% 0,00",odrzavanje_zgrade1
output_rows/odrzavanje_zgrade10_stambena_zajednica_iznos_r0.jpg,"Vaše dugovanje sa ovim računom iznosi: 4.022,24 RSD",odrzavanje_zgrade10
output_rows/odrzavanje_zgrade10_stambena_zajednica_r1.jpg,Bar Cene bez % Iznos,odrzavanje_zgrade10
output_rows/odrzavanje_zgrade10_stambena_zajednica_r2.jpg,Šifra Naziv artikla kod JM KOL PDV Rabat PDV PDV,odrzavanje_zgrade10
output_rows/odrzavanje_zgrade10_stambena_zajednica_r3.jpg,"000019 TEKUĆE ODRŽAVANJE MES 1,000 661,00 0,00 0% 0,00",odrzavanje_zgrade10
output_rows/odrzavanje_zgrade10_stambena_zajednica_r4.jpg,"000020 INVESTICIONO ODRŽAVANJE M2 53,000 14,32 0,00 0% 0,00",odrzavanje_zgrade10
output_rows/odrzavanje_zgrade10_stambena_zajednica_r5.jpg,"000023 NAKNADA ZA RAD PROFESIONALNOG MES 1,000 474,56 0,00 0% 0,00",odrzavanje_zgrade10
output_rows/odrzavanje_zgrade10_stambena_zajednica_r6.jpg,UPRAVNIK,odrzavanje_zgrade10
output_rows/odrzavanje_zgrade10_stambena_zajednica_r7.jpg,"000024 PREMIJA OSIGURANJA MES 1,000 116,60 0,00 0% 0,00",odrzavanje_zgrade10
output_rows/struja76_racun_za_struju_r0.jpg,ПОТРОШЊА У ОБРАЧУНСКОМ ПЕРИОДУ 291kWh,struja76
output_rows/struja76_racun_za_struju_r1.jpg,"A УКУПНО ЗАДУЖЕЊЕ ЗА ОБРАЧУНСКИ ПЕРИОД 2.696,88 дин.",struja76
output_rows/struja76_racun_za_struju_r2.jpg,"Б ДУГ ИЗ ПРЕТХОДНОГ ОБРАЧУНСКОГ ПЕРИОДА 4.043,66 дин.",struja76
output_rows/struja76_racun_za_struju_r3.jpg,"В ЗА УПЛАТУ ЗА ЕЛЕКТРИЧНУ ЕНЕРГИЈУ (А+Б) и ЗП 6.903,60 дин.",struja76
output_rows/struja76_racun_za_struju_r4.jpg,Рок за плаћање 28.10.2020,struja76
output_rows/struja75_racun_za_struju_r0.jpg,ПОТРОШЊА У ОБРАЧУНСКОМ ПЕРИОДУ 599kWh,struja75
output_rows/struja75_racun_za_struju_r1.jpg,"УКУПНО ЗАДУЖЕЊЕ ЗА ОБРАЧУНСКИ ПЕРИОД 5.594,90 дин",struja75
output_rows/struja75_racun_za_struju_r2.jpg,"ПРЕПЛАТА ЗА ПРЕТХОДНИ ОБРАЧУНСКИ ПЕРИОД 0,00 дин",struja75
output_rows/struja75_racun_za_struju_r3.jpg,"ЗА УПЛАТУ ЗА ЕЛЕКТРИЧНУ ЕНЕРГИЈУ (А+Б) и ЗП 5.825,67 дин",struja75
output_rows/struja75_racun_za_struju_r4.jpg,Рок за плаћање: 28.03.2026.,struja75
output_rows/struja73_racun_za_struju_r0.jpg,ПОТРОШЊА У ОБРАЧУНСКОМ ПЕРИОДУ 0 kWh,struja73
output_rows/struja73_racun_za_struju_r1.jpg,"А УКУПНО ЗАДУЖЕЊЕ ЗА ОБРАЧУНСКИ ПЕРИОД 933,99 дин.",struja73
output_rows/struja73_racun_za_struju_r2.jpg,"Б ПРЕПЛАТА ЗА ПРЕТХОДНИ ОБРАЧУНСКИ ПЕРИОД 0,00 дин.",struja73
output_rows/struja73_racun_za_struju_r3.jpg,"В ЗА УПЛАТУ ЗА ЕЛЕКТРИЧНУ ЕНЕРГИЈУ (А+Б) 933,99 дин.",struja73
output_rows/struja73_racun_za_struju_r4.jpg,Рок за плаћање: 28.05.2024.,struja73
output_rows/struja72_racun_za_struju_r0.jpg,ПОТРОШЊА У ОБРАЧУНСКОМ ПЕРИОДУ 279 kWh,struja72
output_rows/struja72_racun_za_struju_r1.jpg,"А УКУПНО ЗАДУЖЕЊЕ ЗА ОБРАЧУНСКИ ПЕРИОД 3.713,00 дин.",struja72
output_rows/struja72_racun_za_struju_r2.jpg,"Б ПРЕПЛАТА ЗА ПРЕТХОДНИ ОБРАЧУНСКИ ПЕРИОД 0,00 дин.",struja72
output_rows/struja72_racun_za_struju_r3.jpg,"В УПЛАТА ЗА ЕЛЕКТРИЧНУ ЕНЕРГИЈУ (А+Б) 3.713,00 дин.",struja72
output_rows/struja72_racun_za_struju_r4.jpg,Рок за плаћање: 28.05.2024.,struja72
output_rows/struja70_racun_za_struju_r0.jpg,ОБРАЧУН ЗА ЕЛЕКТРИЧНУ ЕНЕРГИЈУ,struja70
output_rows/struja70_racun_za_struju_r1.jpg,ТАРИФА Утрошено Цена по Износ,struja70
output_rows/struja70_racun_za_struju_r2.jpg,(kW/kWh) јединици (динара),struja70
output_rows/struja70_racun_za_struju_r3.jpg,Трошкови који не зависе од потрошње електричне енергије,struja70
output_rows/struja70_racun_za_struju_r4.jpg,"1 Обрачунска снага(kW) 6,90 52,158 359,89",struja70
output_rows/struja70_racun_za_struju_r5.jpg,"2 Трошак гарантованог снабдевача 142,62",struja70
output_rows/struja70_racun_za_struju_r6.jpg,"3 Енергија(kWh) 356 1.618,02",struja70
output_rows/struja70_racun_za_struju_r7.jpg,Зелена зона,struja70
output_rows/struja70_racun_za_struju_r8.jpg,Плава зона,struja70
output_rows/struja70_racun_za_struju_r9.jpg,Црвена зона,struja70
output_rows/struja70_racun_za_struju_r10.jpg,"Виша тарифа(ВТ) 218 6,408 1.396,94",struja70
output_rows/struja70_racun_za_struju_r11.jpg,"Нижа тарифа(НТ) 138 1,602 221,08",struja70
output_rows/struja70_racun_za_struju_r12.jpg,ЈТ/ДУТ,struja70
output_rows/struja70_racun_za_struju_r13.jpg,"Остварена просечна цена електричне енергије (дин/kWh): 5,96",struja70
output_rows/struja70_racun_za_struju_r14.jpg,"4 ЗАДУЖЕЊЕ ЗА ЕЛЕКТРИЧНУ ЕНЕРФИЈУ У ОБРАЧУНСКОМ ПЕРИОДУ(1+2+3) 2.120,53",struja70
output_rows/struja7_racun_za_struju_r0.jpg,ОБРАЧУН ЗА ЕЛЕКТРИЧНУ ЕНЕРГИЈУ,struja7
output_rows/struja7_racun_za_struju_r1.jpg,ТАРИФА Утрошено Цена по Износ,struja7
output_rows/struja7_racun_za_struju_r2.jpg,(kW/kWh) јединици (динара),struja7
output_rows/struja7_racun_za_struju_r3.jpg,Трошкови који не зависе од потрошње електричне енергије,struja7
output_rows/struja7_racun_za_struju_r4.jpg,"1 Обрачунска снага(kW) 6,90 54.2580 374,38",struja7
output_rows/struja7_racun_za_struju_r5.jpg,"2 Трошак гарантованог снабдевача 160,67",struja7
output_rows/struja7_racun_za_struju_r6.jpg,"3 Енергија(kWh) 320 2.518,69",struja7
output_rows/struja7_racun_za_struju_r7.jpg,"Виша тарифа(ВТ) 262 9,1092 2.386,61",struja7
output_rows/struja7_racun_za_struju_r8.jpg,"Нижа тарифа(НТ) 58 2,2773 132,08",struja7
output_rows/struja7_racun_za_struju_r9.jpg,Зелена зона,struja7
output_rows/struja7_racun_za_struju_r10.jpg,ЈТ/ДУТ,struja7
output_rows/struja7_racun_za_struju_r11.jpg,Плава зона,struja7
output_rows/struja7_racun_za_struju_r12.jpg,Црвена зона,struja7
output_rows/struja7_racun_za_struju_r13.jpg,"Остварена просечна цена електричне енергије(дин/kWh): 9,54",struja7
output_rows/struja7_racun_za_struju_r14.jpg,"4 ЗАДУЖЕЊЕ ЗА ЕЛЕКТРИЧНУ ЕНЕРГИЈУ У ОБРАЧУНСКОМ ПЕРИОДУ(1+2+3) 3.053,74",struja7
output_rows/struja69_racun_za_struju_r0.jpg,ПОТРОШЊА У ОБРАЧУНСКОМ ПЕРИОДУ 606 kWh,struja69
output_rows/struja69_racun_za_struju_r1.jpg,"А УКУПНО ЗАДУЖЕЊЕ ЗА ОБРАЧУНСКИ ПЕРИОД 5.661,36 дин.",struja69
output_rows/struja69_racun_za_struju_r2.jpg,"Б ПРЕПЛАТА ЗА ПРЕТХОДНИ ОБРАЧУНСКИ ПЕРИОД -80,77 дин.",struja69
output_rows/struja69_racun_za_struju_r3.jpg,"В ЗА УПЛАТУ ЗА ЕЛЕКТРИЧНУ ЕНЕРГИЈУ (А+Б) 5.580,58 дин.",struja69
output_rows/struja69_racun_za_struju_r4.jpg,Рок за плаћање:29.01.2018.,struja69
output_rows/struja68_racun_za_struju_r0.jpg,ОБРАЧУН ЗА ЕЛЕКТРИЧНУ ЕНЕРГИЈУ,struja68
output_rows/struja68_racun_za_struju_r1.jpg,ТАРИФА Утрошено Цена по Износ,struja68
output_rows/struja68_racun_za_struju_r2.jpg,(kW/kWh) јединици (динара),struja68
output_rows/struja68_racun_za_struju_r3.jpg,Трошкови који не зависе од потрошње електричне енергије,struja68
output_rows/struja68_racun_za_struju_r4.jpg,"1 Обрачунска снага(kW) 11,04 54,2580 599,01",struja68
output_rows/struja68_racun_za_struju_r5.jpg,"2 Трошак гарантоваг снабдевача 160,67",struja68
output_rows/struja68_racun_za_struju_r6.jpg,"3 Енергија(kWh) 739 4.049,05",struja68
output_rows/struja68_racun_za_struju_r7.jpg,"Виша тарифа(ВТ) 111 9,1092 1.011,12",struja68
output_rows/struja68_racun_za_struju_r8.jpg,"Нижа тарифа(НТ) 251 2,2773 571,60",struja68
output_rows/struja68_racun_za_struju_r9.jpg,ЈТ/ДУТ,struja68
output_rows/struja68_racun_za_struju_r10.jpg,Зелена зона,struja68
output_rows/struja68_racun_za_struju_r11.jpg,Плава зона,struja68
output_rows/struja68_racun_za_struju_r12.jpg,Црвена зона,struja68
output_rows/struja68_racun_za_struju_r13.jpg,"Виша тарифа 115 13,6638 1.571,34",struja68
output_rows/struja68_racun_za_struju_r14.jpg,"Нижа тарифа(НТ) 251 2,2773 571,60",struja68
output_rows/struja68_racun_za_struju_r15.jpg,"Нижа тарифа(НТ) 262 3,4160 894,99",struja68
output_rows/struja68_racun_za_struju_r16.jpg,"Остварена просечна цена електричне енергије(дин/kWh): 6,51",struja68
output_rows/struja68_racun_za_struju_r17.jpg,"4 ЗАДУЖЕЊЕ ЗА ЕЛЕКТРИЧНУ ЕНЕРГИЈУ У ОБРАЧУНСКОМ ПЕРИОДУ (1+2+3) 4.808,73",struja68
output_rows/struja67_racun_za_struju_r0.jpg,ПОТРОШЊА У ОБРАЧУНСКОМ ПЕРИОДУ 208kWh,struja67
output_rows/struja67_racun_za_struju_r1.jpg,"А УКУПНО ЗАДУЖЕЕЊЕ ЗА ОБРАЧУНСКИ ПЕРИОД 3.208,82 дин",struja67
output_rows/struja67_racun_za_struju_r2.jpg,"В ЗА УПЛАТУ ЗА ЕЛЕКТРИЧНУ ЕНЕРГИЈУ (А+Б) и ЗП 8.694,59 дин",struja67
output_rows/struja67_racun_za_struju_r3.jpg,Рок за плаћање: 28.10.2024.,struja67
output_rows/struja66_racun_za_struju_r0.jpg,ПОТРОШЊА У ОБРАЧУНСКОМ ПЕРИОДУ 679kWh,struja66
output_rows/struja66_racun_za_struju_r1.jpg,"А УКУПНО ЗАДУЖЕЊЕ ЗА ОБРАЧУНСКИ ПЕРИОД 6.460,00 дин",struja66
output_rows/struja66_racun_za_struju_r2.jpg,"Б ДУГ ИЗ ПРЕТХОДНОГ ОБРАЧУНСКОГ ПЕРИОДА 21,57 дин",struja66
output_rows/struja66_racun_za_struju_r3.jpg,"В ЗА УПЛАТУ ЗА ЕЛЕКТРИЧНУ ЕНЕРГИЈУ (А+Б) и ЗП 6.698,21 дин",struja66
output_rows/struja66_racun_za_struju_r4.jpg,Рок за плаћање: 28.01.2025.,struja66
output_rows/struja64_racun_za_struju_r16.jpg,ПОТРОШЊА У ОБРАЧУНСКОМ ПЕРИОДУ 174kWh,struja64
output_rows/struja64_racun_za_struju_r17.jpg,"A УКУПНО ЗАДЖЕЊЕ ЗА ОБРАЧУНСКИ ПЕРИОД 2.774,69 дин",struja64
output_rows/struja64_racun_za_struju_r18.jpg,"Б ПРЕПЛАТА ЗА ПРЕТХОДНИ ОБРАЧУНСКИ ПЕРИОД 0,00 дин",struja64
output_rows/struja64_racun_za_struju_r19.jpg,"В ЗА УПЛАТУ ЗА ЕЛЕКТРИЧНУ ЕНЕРГИЈУ (А+Б) и ЗП 3.069,14 дин",struja64
output_rows/struja64_racun_za_struju_r20.jpg,Рок за плаћање: 28.10.2025.,struja64
output_rows/struja63_racun_za_struju_r0.jpg,ПОТРОШЊА У ОБРАЧУНСКОМ ПЕРИОДУ 18kWh,struja63
output_rows/struja63_racun_za_struju_r1.jpg,"A УКУПНО ЗАДУЖЕЊЕ ЗА ОБРАЧУНСКИ ПЕРИОД 1.237,00 дин",struja63
output_rows/struja63_racun_za_struju_r2.jpg,"Б ПРЕПЛАТА ЗА ПРЕТХОДНИ ОБРАЧУНСКИ ПЕРИОД -3.877,15 дин",struja63
output_rows/struja63_racun_za_struju_r3.jpg,"В ПРЕПЛАТА ЗА ЕЛЕКТРИЧНУ ЕНЕРГИЈУ(А+Б) и ЗП -2.640,15 дин",struja63
output_rows/struja63_racun_za_struju_r4.jpg,Рок за плаћање: 28.02.2026.,struja63
output_rows/struja61_racun_za_struju_r0.jpg,ОБРАЧУН ЗА ЕЛЕКТРИЧНУ ЕНЕРГИЈУ,struja61
output_rows/struja61_racun_za_struju_r1.jpg,ТАРИФА,struja61
output_rows/struja61_racun_za_struju_r2.jpg,Утрошено Цена по Износ,struja61
output_rows/struja61_racun_za_struju_r3.jpg,(kW/kWh) јединици (динара),struja61
output_rows/struja61_racun_za_struju_r4.jpg,ТРОШКОВИ КОЈИ НЕ ЗАВИСЕ ОД ПОТРОШЊЕ ЕЛЕКТРИЧНЕ ЕНЕРГИЈЕ,struja61
output_rows/struja61_racun_za_struju_r5.jpg,"1 Обрачунска снага(kW) 6,90 54,2580 374,38",struja61
output_rows/struja61_racun_za_struju_r6.jpg,"2 Трошак гарантованог снабдевача 160,67",struja61
output_rows/struja61_racun_za_struju_r7.jpg,"3 Енергија(kWh) 42 321,10",struja61
output_rows/struja61_racun_za_struju_r8.jpg,"Виша тарифа(ВТ) 33 9,1092 300,60",struja61
output_rows/struja61_racun_za_struju_r9.jpg,"Нижа тарифа(НТ) 9 2,2773 20,50",struja61
output_rows/struja61_racun_za_struju_r10.jpg,Зелена зона,struja61
output_rows/struja61_racun_za_struju_r11.jpg,Плава зона,struja61
output_rows/struja61_racun_za_struju_r12.jpg,Црвена зона,struja61
output_rows/struja61_racun_za_struju_r13.jpg,Једнотарифно(ЈТ),struja61
output_rows/struja61_racun_za_struju_r14.jpg,"Остварена просечна цена електричне енергије (дин/kWh): 20,38",struja61
output_rows/struja61_racun_za_struju_r15.jpg,"4 ЗАДУЖЕЊЕ ЗА ЕЛЕКТРИЧНУ ЕНЕРГИЈУ У ОБРАЧУНСКОМ ПЕРИОДУ(1+2+3) 856,15",struja61
output_rows/struja60_racun_za_struju_r0.jpg,ОБРАЧУН ЗА ЕЛЕКТРИЧНУ ЕНЕРГИЈУ,struja60
output_rows/struja60_racun_za_struju_r1.jpg,ТАРИФА,struja60
output_rows/struja60_racun_za_struju_r2.jpg,Утрошено Цена по Износ,struja60
output_rows/struja60_racun_za_struju_r3.jpg,(kW/kWh) јединици (динара),struja60
output_rows/struja60_racun_za_struju_r4.jpg,Трошкови који не зависе од потршње електричне енергије,struja60
output_rows/struja60_racun_za_struju_r5.jpg,1 Обрачунска снага (kW),struja60
output_rows/struja60_racun_za_struju_r6.jpg,"6,90 60,8947 420,17",struja60
output_rows/struja60_racun_za_struju_r7.jpg,2 Трошак гарантованог снабдевача,struja60
output_rows/struja60_racun_za_struju_r8.jpg,"160,67",struja60
output_rows/struja60_racun_za_struju_r9.jpg,3 Енергија(kWh),struja60
output_rows/struja60_racun_za_struju_r10.jpg,"272 1.792,94",struja60
output_rows/struja60_racun_za_struju_r11.jpg,"Виша тарифа(ВТ) 158 9,6136 1.518,95",struja60
output_rows/struja60_racun_za_struju_r12.jpg,Зелена зона,struja60
output_rows/struja60_racun_za_struju_r13.jpg,"Нижа тарифа(НТ) 114 2,4034 273,99",struja60
output_rows/struja60_racun_za_struju_r14.jpg,ЈТ/ДУТ,struja60
output_rows/struja60_racun_za_struju_r15.jpg,Плава зона,struja60
output_rows/struja60_racun_za_struju_r16.jpg,Црвена зона,struja60
output_rows/struja60_racun_za_struju_r17.jpg,"Остварена просечна цена електричне енергије (дин/kWh): 8,73",struja60
output_rows/struja60_racun_za_struju_r18.jpg,"4 ЗАДУЖЕЊЕ ЗА ЕЛЕКТРИЧНУ ЕНЕРГИЈУ У ОБРАЧУНСКОМ ПЕРИОДУ(1+2+3) 2.373,78",struja60
output_rows/struja58_racun_za_struju_r0.jpg,ОБРАЧУН ЗА ЕЛЕКТРИЧНУ ЕНЕРГИЈУ,struja58
output_rows/struja58_racun_za_struju_r1.jpg,ТАРИФА,struja58
output_rows/struja58_racun_za_struju_r2.jpg,Утрошено Цена по Износ,struja58
output_rows/struja58_racun_za_struju_r3.jpg,(kW/kWh) јединици (динара),struja58
output_rows/struja58_racun_za_struju_r4.jpg,ТРОШКОВИ КОЈИ НЕ ЗАВИСЕ ОД ПОТРОШЊЕ ЕЛЕКТРИЧНЕ ЕНЕРГИЈЕ,struja58
output_rows/struja58_racun_za_struju_r5.jpg,"1 Обрачунска снага(kW) 6,90 54,2580 374,38",struja58
output_rows/struja58_racun_za_struju_r6.jpg,"2 Трошак гарантованог снабдевача 160,67",struja58
output_rows/struja58_racun_za_struju_r7.jpg,"3 Енергија(kWh) 0 0,00",struja58
output_rows/struja58_racun_za_struju_r8.jpg,Зелена зона,struja58
output_rows/struja58_racun_za_struju_r9.jpg,Виша тарифа(ВТ),struja58
output_rows/struja58_racun_za_struju_r10.jpg,Нижа тарифа(НТ),struja58
output_rows/struja58_racun_za_struju_r11.jpg,Једнотарифно(ЈТ),struja58
output_rows/struja58_racun_za_struju_r12.jpg,Плава зона,struja58
output_rows/struja58_racun_za_struju_r13.jpg,Црвена зона,struja58
output_rows/struja58_racun_za_struju_r14.jpg,"Остварена просечна цена електричне енергије(дин/kWh): 0,00",struja58
output_rows/struja58_racun_za_struju_r15.jpg,"4 ЗАДУЖЕЊЕ ЗА ЕЛЕКТРИЧНУ ЕНЕРГИЈУ У ОБРАЧУНСКОМ ПЕРИОДУ(1+2+3) 535,05",struja58
output_rows/struja57_racun_za_struju_r0.jpg,ПОТРОШЊА У ОБРАЧУНСКОМ ПЕРИОДУ 795kWh,struja57
output_rows/struja57_racun_za_struju_r1.jpg,"А УКУПНО ЗАДУЖЕЊЕ ЗА ОБРАЧУНСКИ ПЕРИОД 6.151,10 дин.",struja57
output_rows/struja57_racun_za_struju_r2.jpg,"Б ДУГ ИЗ ПРЕТХОДНОГ ОБРАЧУНСКОГ ПЕРИОДА 7.961,11 дин.",struja57
output_rows/struja57_racun_za_struju_r3.jpg,"В ЗА УПЛАТУ ЗА ЕЛЕКТРИЧНУ ЕНЕРГИЈУ(А+Б) и ЗП 14.262,27 дин.",struja57
output_rows/struja57_racun_za_struju_r4.jpg,Рок за плаћање: 29.03.2021,struja57
output_rows/struja56_racun_za_struju_r0.jpg,ТАРИФА,struja56
output_rows/struja56_racun_za_struju_r1.jpg,Утрошено Цена по Износ,struja56
output_rows/struja56_racun_za_struju_r2.jpg,(kW/kWh) јединици (динара),struja56
output_rows/struja56_racun_za_struju_r3.jpg,ТРОШКОВИ КОЈИ НЕ ЗАВИСЕ ОД ПОТРОШЊЕ ЕЛЕКТРИЧНЕ ЕНЕРГИЈЕ,struja56
output_rows/struja56_racun_za_struju_r4.jpg,"1 Обрачунска снага (kW) 6,90 54,2580 374,38",struja56
output_rows/struja56_racun_za_struju_r5.jpg,"2 Трошак гарантованог снабдевача 160,67",struja56
output_rows/struja56_racun_za_struju_r6.jpg,"3 Енергија (kWh) 289 1.990,36",struja56
output_rows/struja56_racun_za_struju_r7.jpg,"Виша тарифа (ВТ) 195 9,1092 1.776,29",struja56
output_rows/struja56_racun_za_struju_r8.jpg,"Нижа тарифа (НТ) 94 2,2773 214,07",struja56
output_rows/struja56_racun_za_struju_r9.jpg,Једнотарифно(ЈТ),struja56
output_rows/struja56_racun_za_struju_r10.jpg,Зелена зона,struja56
output_rows/struja56_racun_za_struju_r11.jpg,Плава зона,struja56
output_rows/struja56_racun_za_struju_r12.jpg,Црвена зона,struja56
output_rows/struja56_racun_za_struju_r13.jpg,"Остварена просечна цена електричне енергије (дин/kWh): 8,74",struja56
output_rows/struja56_racun_za_struju_r14.jpg,"4 ЗАДУЖЕЊЕ ЗА ЕЛЕКТРИЧНУ ЕНЕРГИЈУ У ОБРАЧУНСКОМ ПЕРИОДУ(1+2+3) 2.525,41",struja56
output_rows/struja54_racun_za_smece_r0.jpg,Naziv i vrsta usluge Datum Količina JM Cena Iznos,struja54
output_rows/struja54_racun_za_smece_r1.jpg,Smeće stamp-post. 30.04.2026 53.00 m2 8.230 436.19,struja54
output_rows/struja54_racun_za_smece_r2.jpg,Ukupna naknada: 436.19,struja54
output_rows/struja54_racun_za_smece_r3.jpg,PDV: 43.62,struja54
output_rows/struja54_racun_za_smece_r4.jpg,Ukupno za račun: 479.81,struja54
output_rows/struja53_racun_za_struju_r0.jpg,ОБРАЧУН ЗА ЕЛЕКТРИЧНУ ЕНЕРГИЈУ,struja53
output_rows/struja53_racun_za_struju_r1.jpg,ТАРИФА,struja53
output_rows/struja53_racun_za_struju_r2.jpg,Утрошено Цена по Износ,struja53
output_rows/struja53_racun_za_struju_r3.jpg,(kW/kWh) јединиди (динара),struja53
output_rows/struja53_racun_za_struju_r4.jpg,ТРОШКОВИ КОЈИ НЕ ЗАВИСЕ ОД ПОТРОШЊЕ ЕЛЕКТРИЧНЕ ЕНЕРГИЈЕ,struja53
output_rows/struja53_racun_za_struju_r5.jpg,"1 Обрачунска снага (kW) 6,90 54,2580 374,38",struja53
output_rows/struja53_racun_za_struju_r6.jpg,"2 Трошак гарантованог снабдевача 160,67",struja53
output_rows/struja53_racun_za_struju_r7.jpg,"3 Енергија(kWh) 0 0,00",struja53
output_rows/struja53_racun_za_struju_r8.jpg,Зелена зона,struja53
output_rows/struja53_racun_za_struju_r9.jpg,Плава зона,struja53
output_rows/struja53_racun_za_struju_r10.jpg,Црвена зона,struja53
output_rows/struja53_racun_za_struju_r11.jpg,Виша тарифа(ВТ),struja53
output_rows/struja53_racun_za_struju_r12.jpg,Нижа тарифа(НТ),struja53
output_rows/struja53_racun_za_struju_r13.jpg,Једнотарифно(ЈТ),struja53
output_rows/struja53_racun_za_struju_r14.jpg,"Остварена просечна цена електричне енергије(дин/kWh): 0,00",struja53
output_rows/struja53_racun_za_struju_r15.jpg,"4 ЗАДУЖЕЊЕ ЗА ЕЛЕКТРИЧНУ ЕНЕРГИЈУ У ОБРАЧУНСКОМ ПЕРИОДУ(1+2+3) 535,05",struja53
output_rows/struja52_racun_za_struju_r0.jpg,ПОТРОШЊА У ОБРАЧУНСКОМ ПЕРИОДУ 362kWh,struja52
output_rows/struja52_racun_za_struju_r1.jpg,"А УКУПНО ЗАДУЖЕЊЕ ЗА ОБРАЧУНСКИ ПЕРИОД 3.221,95 дин.",struja52
output_rows/struja52_racun_za_struju_r2.jpg,"Б ДУГ ИЗ ПРЕТХОДНОГ ОБРАЧУНСКОГ ПЕРИОДА 2.867,80 дин.",struja52
output_rows/struja52_racun_za_struju_r3.jpg,"В ЗА УПЛАТУ ЗА ЕЛЕКТРИЧНУ ЕНЕРГИЈУ (А+Б) и ЗП 6.255,16 дин.",struja52
output_rows/struja52_racun_za_struju_r4.jpg,Рок за плаћање: 28.11.2020,struja52
output_rows/struja51_racun_za_struju_r0.jpg,ПОТРОШЊА У ОБРАЧУНСКОМ ПЕРИОДУ 358kWh,struja51
output_rows/struja51_racun_za_struju_r1.jpg,"A УКУПНО ЗАДУЖЕЊЕ ЗА ОБРАЧУНСКИ ПЕРИОД 4.832,38 дин",struja51
output_rows/struja51_racun_za_struju_r2.jpg,"Б ПРЕПЛАТА ЗА ПРЕТХОДНИ ОБРАЧУНСКИ ПЕРИОД -2.033,00 дин",struja51
output_rows/struja51_racun_za_struju_r3.jpg,"В ЗА УПЛАТУ ЗА ЕЛЕКТРИЧНУ ЕНЕРГИЈУ(А+Б) 2.799,38 дин",struja51
output_rows/struja51_racun_za_struju_r4.jpg,Рок за плаћање: 28.12.2024.,struja51
output_rows/struja50_racun_za_struju_r0.jpg,ОБРАЧУН ЗА ЕЛЕКТРИЧНУ ЕНЕРГИЈУ,struja50
output_rows/struja50_racun_za_struju_r1.jpg,ТАРИФА,struja50
output_rows/struja50_racun_za_struju_r2.jpg,Утрошено Цена по Износ,struja50
output_rows/struja50_racun_za_struju_r3.jpg,(kW/kWh) јединици (динара),struja50
output_rows/struja50_racun_za_struju_r4.jpg,ТРОШКОВИ КОЈИ НЕ ЗАВИСЕ ОД ПОТРОШЊЕ ЕЛЕКТРИЧНЕ ЕНЕРГИЈЕ,struja50
output_rows/struja50_racun_za_struju_r5.jpg,"1 Обрачунска снага(kW) 6,90 54,2580 374,38",struja50
output_rows/struja50_racun_za_struju_r6.jpg,"2 Трошак гарантованог снабдевача 160,67",struja50
output_rows/struja50_racun_za_struju_r7.jpg,"3 Енергија(kWh) 93 703,68",struja50
output_rows/struja50_racun_za_struju_r8.jpg,"Виша тарифа(ВТ) 72 9,1092 655,86",struja50
output_rows/struja50_racun_za_struju_r9.jpg,"Нижа тарифа(НТ) 21 2,2773 47,82",struja50
output_rows/struja50_racun_za_struju_r10.jpg,Зелена зона,struja50
output_rows/struja50_racun_za_struju_r11.jpg,Плава зона,struja50
output_rows/struja50_racun_za_struju_r12.jpg,Црвена зона,struja50
output_rows/struja50_racun_za_struju_r13.jpg,Једнотарифно(ЈТ),struja50
output_rows/struja50_racun_za_struju_r14.jpg,Остварена просечна цена електричне енергије(дин/kWh): 13.32,struja50
output_rows/struja50_racun_za_struju_r15.jpg,"4 ЗАДУЖЕЊЕ ЗА ЕЛЕКТРИЧНУ ЕНЕРГИЈУ У ОБРАЧУНСКОМ ПЕРИОДУ (1+2+3) 1.238,73",struja50
output_rows/struja5_racun_za_struju_r0.jpg,ПОТРОШЊА У ОБРАЧУНСКОМ ПЕРИОДУ 332kWh,struja5
output_rows/struja5_racun_za_struju_r1.jpg,"A УКУПНО ЗАДУЖЕЊЕ ЗА ОБРАЧУНСКИ ПЕРИОД 3.703,49 дин",struja5
output_rows/struja5_racun_za_struju_r2.jpg,"Б ПРЕПЛАТА ЗА ПРЕТХОДНИ ОБРАЧУНСКИ ПЕРИОД 0,00 дин",struja5
output_rows/struja5_racun_za_struju_r3.jpg,"В ЗА УПЛАТУ ЗА ЕЛЕКТРИЧНУ ЕНЕРГИЈУ (А+Б) и ЗП 3.918,17 дин",struja5
output_rows/struja5_racun_za_struju_r4.jpg,Рок за плаћање: 28.04.2025.,struja5
output_rows/struja49_racun_za_struju_r0.jpg,ОБРАЧУН ЗА ЕЛЕКТРИЧНУ ЕНЕРГИЈУ,struja49
output_rows/struja49_racun_za_struju_r1.jpg,ТАРИФА,struja49
output_rows/struja49_racun_za_struju_r2.jpg,Утрошено Цена по Износ,struja49
output_rows/struja49_racun_za_struju_r3.jpg,(kW/kWh) јидиници (динара),struja49
output_rows/struja49_racun_za_struju_r4.jpg,ТРОШКОВИ КОЈИ НЕ ЗАВИСЕ ОД ПОТРОШЊЕ ЕЛЕКТРИЧНЕ ЕНЕРГИЈЕ,struja49
output_rows/struja49_racun_za_struju_r5.jpg,"1 Обрачунска снага(kW) 6,90 54,2580 374,38",struja49
output_rows/struja49_racun_za_struju_r6.jpg,"2 Трошак гарантованог снабдевача 160,67",struja49
output_rows/struja49_racun_za_struju_r7.jpg,"3 Енергија(kWh) 279 1.926,60",struja49
output_rows/struja49_racun_za_struju_r8.jpg,"Виша тарифа(ВТ) 189 9,1092 1.721,64",struja49
output_rows/struja49_racun_za_struju_r9.jpg,"Нижа тарифа(НТ) 90 2,2773 204,96",struja49
output_rows/struja49_racun_za_struju_r10.jpg,Зелена зона,struja49
output_rows/struja49_racun_za_struju_r11.jpg,Плава зона,struja49
output_rows/struja49_racun_za_struju_r12.jpg,Црвена зона,struja49
output_rows/struja49_racun_za_struju_r13.jpg,Једнотарифно(ЈТ),struja49
output_rows/struja49_racun_za_struju_r14.jpg,"Остварена просечна цена електричне енергије (дин/kWh): 8,82",struja49
output_rows/struja48_racun_za_struju_r0.jpg,"A УКУПНО ЗАДУЖЕЊЕ ЗА ОБРАЧУНСКИ ПЕРИОД 1.020,77 дин",struja48
output_rows/struja48_racun_za_struju_r1.jpg,ПОТРОШЊА У ОБРАЧУНСКОМ ПЕРИОДУ 0kWh,struja48
output_rows/struja48_racun_za_struju_r2.jpg,"Б ПРЕТПЛАТА ЗА ПРЕТХОДНИ ОБРАЧУНСКИ ПЕРИОД -4.433,06 дин",struja48
output_rows/struja48_racun_za_struju_r3.jpg,"В ПРЕПЛАТА ЗА ЕЛЕКТРИЧНУ ЕНЕРГИЈУ (А+Б) -3.412,29 дин",struja48
output_rows/struja48_racun_za_struju_r4.jpg,Рок за плаћање: 28.05.2026.,struja48
output_rows/struja47_racun_za_struju_r5.jpg,ОБРАЧУН ЗА ЕЛЕКТРИЧНУ ЕНЕРГИЈУ,struja47
output_rows/struja47_racun_za_struju_r6.jpg,ТАРИФА Утрошено Цена по Износ,struja47
output_rows/struja47_racun_za_struju_r7.jpg,(kW/kWh) јединииц (динара),struja47
output_rows/struja47_racun_za_struju_r8.jpg,Трошкови који не зависе од потрошње електричне енергије,struja47
output_rows/struja47_racun_za_struju_r9.jpg,"1 Обрачунска снга(kW) 6,90 54,2580 374,38",struja47
output_rows/struja47_racun_za_struju_r10.jpg,"2 Трошак гарантованог снабдевача 160,67",struja47
output_rows/struja47_racun_za_struju_r11.jpg,"3 Енергија(kWh) 208 1.512,13",struja47
output_rows/struja47_racun_za_struju_r12.jpg,"Виша тарифа(ВТ) 152 9,1092 1.384,60",struja47
output_rows/struja47_racun_za_struju_r13.jpg,Зелена зона,struja47
output_rows/struja47_racun_za_struju_r14.jpg,Плава зона,struja47
output_rows/struja47_racun_za_struju_r15.jpg,Црвена зона,struja47
output_rows/struja47_racun_za_struju_r16.jpg,"Нижа тарифа (НТ) 56 2,2773 127,53",struja47
output_rows/struja47_racun_za_struju_r17.jpg,ЈТ/ДУТ,struja47
output_rows/struja47_racun_za_struju_r18.jpg,"Остварена просечна цена електричне енергије (дин/kWh): 9,84",struja47
output_rows/struja47_racun_za_struju_r19.jpg,"4 ЗАДУЖЕЊЕ ЗА ЕЛЕКТРИЧНУ ЕНЕРГИЈУ У ОБРАЧУНСКОМ ПЕРИОДУ (1+2+3) 2.047,18",struja47
output_rows/struja46_racun_za_struju_r0.jpg,ОБРАЧУН ЗА ЕЛЕКТРИЧНУ ЕНЕРГИЈУ,struja46
output_rows/struja46_racun_za_struju_r1.jpg,ТАРИФА,struja46
output_rows/struja46_racun_za_struju_r2.jpg,Утрошено Цена по Износ,struja46
output_rows/struja46_racun_za_struju_r3.jpg,(kW/kWh) јидиници (динара),struja46
output_rows/struja46_racun_za_struju_r4.jpg,ТРОШКОВИ КОЈИ НЕ ЗАВИСЕ ОД ПОТРОШЊЕ ЕЛЕКТРИЧНЕ ЕНЕРГИЈЕ,struja46
output_rows/struja46_racun_za_struju_r5.jpg,"1 Обрачунска снага (kW) 6,90 54,2580 374,38",struja46
output_rows/struja46_racun_za_struju_r6.jpg,"2 Трошак гарантованог снабдевача 146,52",struja46
output_rows/struja46_racun_za_struju_r7.jpg,"3 Енергија(kWh) 107 729,40",struja46
output_rows/struja46_racun_za_struju_r8.jpg,Зелена зона,struja46
output_rows/struja46_racun_za_struju_r9.jpg,Плава зона,struja46
output_rows/struja46_racun_za_struju_r10.jpg,Црвена зона,struja46
output_rows/struja46_racun_za_struju_r11.jpg,"Виша тарифа (ВТ) 81 8,3360 675,22",struja46
output_rows/struja46_racun_za_struju_r12.jpg,"Нижа тарифа (НТ) 26 2,0840 54,18",struja46
output_rows/struja46_racun_za_struju_r13.jpg,Једнотарифно(ЈТ),struja46
output_rows/struja46_racun_za_struju_r14.jpg,"Остварена просечна цена електричне енергије (дин/kWh): 11,69",struja46
output_rows/struja46_racun_za_struju_r15.jpg,"4 ЗАДУЖЕЊЕ ЗА ЕЛЕКТРИЧНУ ЕНЕРГИЈУ У ОБРАЧУНСКОМ ПЕРИОДУ(1+2+3) 1.250,30",struja46
output_rows/odrzavanje_zgrade19_stambena_zajednica_r0.jpg,Šifra Naziv artikla,odrzavanje_zgrade19
output_rows/odrzavanje_zgrade19_stambena_zajednica_r1.jpg,"000019 TEKUĆE ODRŽAVANJE MES 1,000 661,00 0,00 0% 0,00",odrzavanje_zgrade19
output_rows/odrzavanje_zgrade19_stambena_zajednica_r2.jpg,"000020 INVESTICIONO ODRŽAVANJE M2 53,000 14,32 0,00 0% 0,00",odrzavanje_zgrade19
output_rows/odrzavanje_zgrade19_stambena_zajednica_r3.jpg,"000021 NAKNADA ZA RAD PROFESIONALNOG MES 1,000 474,56 0,00 0% 0,00",odrzavanje_zgrade19
output_rows/odrzavanje_zgrade19_stambena_zajednica_r4.jpg,"000024 PREMIJA OSIGURANJA MES 1,000 116,60 0,00 0% 0,00",odrzavanje_zgrade19
output_rows/odrzavanje_zgrade19_stambena_zajednica_iznos_r5.jpg,"Vaše dugovanje sa ovim računom iznosi: 2.011,12 RSD",odrzavanje_zgrade19
output_rows/odrzavanje_zgrade2_stambena_zajednica_iznos_r0.jpg,"Vaše dugovanje sa ovim računom iznosi: 3.511,54 RSD",odrzavanje_zgrade2
output_rows/odrzavanje_zgrade2_stambena_zajednica_r1.jpg,"000019 TEKUĆE ODRŽAVANJE MES 1,000 571,91 0,00 0% 0,00",odrzavanje_zgrade2
output_rows/odrzavanje_zgrade2_stambena_zajednica_r2.jpg,"000020 INVESTICIONO ODRŽAVANJE M2 53,000 12,39 0,00 0% 0,00",odrzavanje_zgrade2
output_rows/odrzavanje_zgrade2_stambena_zajednica_r3.jpg,"000021 NAKNADA ZA RAD PROFESIONALNOG MES 1,000 350,60 0,00 0% 0,00",odrzavanje_zgrade2
output_rows/odrzavanje_zgrade2_stambena_zajednica_r4.jpg,UPRAVNIK,odrzavanje_zgrade2
output_rows/odrzavanje_zgrade2_stambena_zajednica_r5.jpg,"MES 1,000 116,82 0,00 0% 0,00",odrzavanje_zgrade2
output_rows/odrzavanje_zgrade3_stambena_zajednica_iznos_r0.jpg,"Vaše dugovanje sa ovim računom iznosi: 2.211,70 RSD",odrzavanje_zgrade3
output_rows/odrzavanje_zgrade4_stambena_zajednica_r0.jpg,"000019 TEKUĆE ODRŽAVANJE MES 1,000 661,00 0,00",odrzavanje_zgrade4
output_rows/odrzavanje_zgrade4_stambena_zajednica_r1.jpg,"000020 INVESTICIONO ODRŽAVANJE M2 53,000 14,32 0,00",odrzavanje_zgrade4
output_rows/odrzavanje_zgrade4_stambena_zajednica_r2.jpg,"000021 NAKNADA ZA RAD PROFESIONALNOG MES 1,000 474,56 0,00",odrzavanje_zgrade4
output_rows/odrzavanje_zgrade4_stambena_zajednica_r3.jpg,UPRAVNIK,odrzavanje_zgrade4
output_rows/odrzavanje_zgrade4_stambena_zajednica_r4.jpg,"MES 1,000 116,60 0,00",odrzavanje_zgrade4
output_rows/odrzavanje_zgrade4_stambena_zajednica_iznos_r5.jpg,"Vaše dugovanje sa ovim računom iznosi: 2.011,12 RSD",odrzavanje_zgrade4
output_rows/odrzavanje_zgrade7_stambena_zajednica_r0.jpg,"000020 INVESTICIONO ODRŽAVANJE M2 53,000 8,94 0,00 0%",odrzavanje_zgrade7
output_rows/odrzavanje_zgrade7_stambena_zajednica_r1.jpg,"000019 TEKUĆE ODRŽAVANJE MES 1,000 412,71 0,00 0%",odrzavanje_zgrade7
output_rows/odrzavanje_zgrade7_stambena_zajednica_r2.jpg,"000021 NAKNADA ZA RAD PROFESIONALNOG MES 1,000 350,00 0,00 0%",odrzavanje_zgrade7
output_rows/odrzavanje_zgrade7_stambena_zajednica_r3.jpg,UPRAVNIK,odrzavanje_zgrade7
output_rows/odrzavanje_zgrade7_stambena_zajednica_r4.jpg,"000024 PREMIJA OSIGURANJA KOM 1,000 117,16 0,00 0%",odrzavanje_zgrade7
output_rows/odrzavanje_zgrade7_stambena_zajednica_iznos_r0.jpg,"Vaše dugovanje sa ovim računom iznosi: 8.765,02 RSD",odrzavanje_zgrade7
output_rows/odrzavanje_zgrade9_stambena_zajednica_iznos_r0.jpg,"Vaše dugovanje sa ovim računom iznosi: 2.011,12 RSD",odrzavanje_zgrade9
output_rows/smece1_racun_za_smece_r0.jpg,Naziv i vrsta Datum Količina JM Cena Iznos,smece1
output_rows/smece1_racun_za_smece_r1.jpg,Smeće stanb-posl.  31.01.2025 53.00 m2 8.230 436.19,smece1
output_rows/smece1_racun_za_smece_r2.jpg,Kamata:9.49,smece1
output_rows/smece1_racun_za_smece_r3.jpg,Ukupna naknada: 436.19,smece1
output_rows/smece1_racun_za_smece_r4.jpg,PDV: 43.62,smece1
output_rows/smece1_racun_za_smece_r5.jpg,Ukupno za račun: 489.30,smece1
output_rows/smece13_racun_za_smece_r0.jpg,Naziv i vrsta Datum Količina JM Cena Iznos,smece13
output_rows/smece13_racun_za_smece_r1.jpg,Smeće stanb-posl.  31.05.2025 53.00 m2 8.230 436.19,smece13
output_rows/smece13_racun_za_smece_r2.jpg,Kamata:1.36,smece13
output_rows/smece13_racun_za_smece_r3.jpg,Ukupna naknada: 436.19,smece13
output_rows/smece13_racun_za_smece_r4.jpg,PDV: 43.62,smece13
output_rows/smece13_racun_za_smece_r5.jpg,Ukupno za račun: 481.17,smece13
output_rows/smece2_racun_za_smece_r0.jpg,Naziv i vrsta Datum Količina JM Cena Iznos,smece2
output_rows/smece2_racun_za_smece_r1.jpg,Kamata:4.15,smece2
output_rows/smece2_racun_za_smece_r2.jpg,Ukupna naknada: 436.19,smece2
output_rows/smece2_racun_za_smece_r3.jpg,PDV: 43.62,smece2
output_rows/smece2_racun_za_smece_r4.jpg,Ukupno za račun: 483.96,smece2
output_rows/smece3_racun_za_smece_r0.jpg,Naziv i vrsta Datum Količina JM Cena Izno,smece3
output_rows/smece3_racun_za_smece_r1.jpg,Smeće stanb-posl.  31.06.2025 53.00 m2 8.230 436.1,smece3
output_rows/smece3_racun_za_smece_r2.jpg,Ukupna naknada: 436.1,smece3
output_rows/smece3_racun_za_smece_r3.jpg,PDV: 43.62,smece3
output_rows/smece3_racun_za_smece_r4.jpg,Ukupno za račun: 479.8,smece3
output_rows/smece4_racun_za_smece_r0.jpg,Naziv i vrsta Datum Količina JM Cena Iznos,smece4
output_rows/smece4_racun_za_smece_r1.jpg,Smeće stanb-posl.  31.10.2025 53.00 m2 8.230 436.19,smece4
output_rows/smece4_racun_za_smece_r2.jpg,Ukupna naknada: 436.19,smece4
output_rows/smece4_racun_za_smece_r3.jpg,PDV: 43.62,smece4
output_rows/smece4_racun_za_smece_r4.jpg,Ukupno za račun: 479.81,smece4
output_rows/smece6_racun_za_smece_r0.jpg,Naziv i vrsta Datum Količina JM Cena,smece6
output_rows/smece6_racun_za_smece_r1.jpg,Smeće stanb-posl.  31.03.2026 53.00 m2 8.230,smece6
output_rows/smece6_racun_za_smece_r2.jpg,Ukupna naknada: 436.19,smece6
output_rows/smece6_racun_za_smece_r3.jpg,PDV: 43.62,smece6
output_rows/smece6_racun_za_smece_r4.jpg,Ukupno za račun: 479.81,smece6
output_rows/smece8_racun_za_smece_r0.jpg,Naziv i vrsta Datum Količina JM Cena Iznos,smece8
output_rows/smece8_racun_za_smece_r1.jpg,Smeće stanb-posl.  31.08.2020 53.00 m2 5.4500 289.3,smece8
output_rows/smece8_racun_za_smece_r2.jpg,Kamata:6.05,smece8
output_rows/smece8_racun_za_smece_r3.jpg,Ukupna naknada: 289.38,smece8
output_rows/smece8_racun_za_smece_r4.jpg,PDV: 28.94,smece8
output_rows/smece8_racun_za_smece_r5.jpg,Ukupno za račun: 324.37,smece8
output_rows/smece9_racun_za_smece_r0.jpg,Naziv i vrsta Datum Količina JM Cena Iznos,smece9
output_rows/smece9_racun_za_smece_r1.jpg,Smeće stanb-posl.  30.09.2025 53.00 m2 8.230 436.19,smece9
output_rows/smece9_racun_za_smece_r2.jpg,Ukupna naknada: 436.19,smece9
output_rows/smece9_racun_za_smece_r3.jpg,PDV: 43.62,smece9
output_rows/smece9_racun_za_smece_r4.jpg,Ukupno za račun: 479.81,smece9
output_rows/odrzavanje_zgrade17_stambene_usluge_nis_iznos_r0.jpg,826.00,odrzavanje_zgrade17
output_rows/odrzavanje_zgrade17_stambene_usluge_nis_iznos_r1.jpg,0.00 Укупно за месец:,odrzavanje_zgrade17
output_rows/odrzavanje_zgrade17_stambene_usluge_nis_iznos_r2.jpg,832.73 83.27 Стање укупног дуга:,odrzavanje_zgrade17
output_rows/odrzavanje_zgrade17_stambene_usluge_nis_iznos_r3.jpg,0.00 0.00 Укупно задужење:,odrzavanje_zgrade17
output_rows/odrzavanje_zgrade17_stambene_usluge_nis_iznos_r0.jpg,ПДВ по стопи 0%,odrzavanje_zgrade17
output_rows/odrzavanje_zgrade17_stambene_usluge_nis_iznos_r1.jpg,ПДВ по стопи 10%,odrzavanje_zgrade17
output_rows/odrzavanje_zgrade17_stambene_usluge_nis_iznos_r2.jpg,ПДВ по стопи 20%,odrzavanje_zgrade17
output_rows/odrzavanje_zgrade20_stambene_usluge_nis_iznos_r0.jpg,826.00 0.00 Укупно за месец: 1755.00,odrzavanje_zgrade20
output_rows/odrzavanje_zgrade20_stambene_usluge_nis_iznos_r1.jpg,844.55 84.45 Стање укупног дуга: -15.00,odrzavanje_zgrade20
output_rows/odrzavanje_zgrade20_stambene_usluge_nis_iznos_r0.jpg,"0.00 0.00 Укупно задужење: 1,740.00",odrzavanje_zgrade20
output_rows/odrzavanje_zgrade8_stambene_usluge_nis_iznos_r0.jpg,0.00 Укупно за месец: 1890.00,odrzavanje_zgrade8
output_rows/odrzavanje_zgrade8_stambene_usluge_nis_iznos_r1.jpg,92.45 Стање укупног дуга: -14.00,odrzavanje_zgrade8
output_rows/odrzavanje_zgrade8_stambene_usluge_nis_iznos_r2.jpg,"0.00 Укупно задужење: 1,876.00",odrzavanje_zgrade8
output_rows/smece12_racun_za_smece_r0.jpg,Naziv i vrsta usluge Datum Količina JM Cena Iznos,smece12
output_rows/smece12_racun_za_smece_r1.jpg,Smeće stamb-posl. 28.02.2025. 53.00 m2 8.230 436.19,smece12
output_rows/smece12_racun_za_smece_r2.jpg,Kamata: 13.24,smece12
output_rows/smece12_racun_za_smece_r3.jpg,Ukupna naknada: 436.19,smece12
output_rows/smece12_racun_za_smece_r4.jpg,PDV: 43.62,smece12
output_rows/smece12_racun_za_smece_r5.jpg,Ukupno za račun: 493.05,smece12
output_rows/smece12_racun_za_smece_r6.jpg,"2,428.01",smece12
output_rows/struja11_racun_za_struju_r0.jpg,ОБРАЧУН ЗА ЕЛЕКТРИЧНУ ЕНЕРГИЈУ,struja11
output_rows/struja11_racun_za_struju_r1.jpg,ТАРИФА,struja11
output_rows/struja11_racun_za_struju_r2.jpg,Утрошено Цена по Износ,struja11
output_rows/struja11_racun_za_struju_r3.jpg,(kW/kWh) јединици (динара),struja11
output_rows/struja11_racun_za_struju_r4.jpg,Трошкови који не зависе од потрошње електричне енергије,struja11
output_rows/struja11_racun_za_struju_r5.jpg,"1 Обрачунска снага (kW) 6,90 54,2580 374,38",struja11
output_rows/struja11_racun_za_struju_r6.jpg,"2 Трошак гарантованог снабдевача 160,67",struja11
output_rows/struja11_racun_za_struju_r7.jpg,"3 Енергија(kWh) 245 1.849,17",struja11
output_rows/struja11_racun_za_struju_r8.jpg,Зелена зона,struja11
output_rows/struja11_racun_za_struju_r9.jpg,"Виша тарифа(ВТ) 189 9,1092 1.721,64",struja11
output_rows/struja11_racun_za_struju_r10.jpg,"Нижа тарифа(НТ) 56 2,2773 127,53",struja11
output_rows/struja11_racun_za_struju_r11.jpg,ЈТ/ДУТ,struja11
output_rows/struja11_racun_za_struju_r12.jpg,Плава зона,struja11
output_rows/struja11_racun_za_struju_r13.jpg,Црвена зона,struja11
output_rows/struja11_racun_za_struju_r14.jpg,"Остварена просечна цена електричне енергије (дин/kWh): 9,73",struja11
output_rows/struja11_racun_za_struju_r15.jpg,"4 ЗАДУЖЕЊЕ ЗА ЕЛЕКТРИЧНУ ЕНЕРГИЈУ У ОБРАЧУНСКОМ ПЕРИОДУ(1+2+3) 2.384,22",struja11
output_rows/struja14_racun_za_struju_r0.jpg,ОБРАЧУН ЗА ЕЛЕКТРИЧНУ ЕНЕРГИЈУ,struja14
output_rows/struja14_racun_za_struju_r1.jpg,ТАРИФА,struja14
output_rows/struja14_racun_za_struju_r2.jpg,Утрошено Цена по Износ,struja14
output_rows/struja14_racun_za_struju_r3.jpg,(kW/kWh) јединици (динара),struja14
output_rows/struja14_racun_za_struju_r4.jpg,ТРОШКОВИ КОЈИ НЕ ЗАВИСЕ ОД ПОТРОШЊЕ ЕЛЕКТРИЧНЕ ЕНЕРГИЈЕ,struja14
output_rows/struja14_racun_za_struju_r5.jpg,"1 Обрачунска снага(kW) 6,90 54,2580 374,38",struja14
output_rows/struja14_racun_za_struju_r6.jpg,"2 Трошак гарантованог снабдевача 160,67",struja14
output_rows/struja14_racun_za_struju_r7.jpg,"3 Енергија(kWh) 279 2.926,60",struja14
output_rows/struja14_racun_za_struju_r8.jpg,"Виша тарифа(ВТ) 189 9,1092 1.721,64",struja14
output_rows/struja14_racun_za_struju_r9.jpg,"Нижа тарифа(НТ) 90 2,2773 204,96",struja14
output_rows/struja14_racun_za_struju_r10.jpg,Зелена зона,struja14
output_rows/struja14_racun_za_struju_r11.jpg,Плава зона,struja14
output_rows/struja14_racun_za_struju_r12.jpg,Црвена зона,struja14
output_rows/struja14_racun_za_struju_r13.jpg,Једнотарифно(ЈТ),struja14
output_rows/struja14_racun_za_struju_r14.jpg,"Остварена просечна цена електричне енергије (дин/kWh): 8,82",struja14
output_rows/struja14_racun_za_struju_r15.jpg,"4 ЗАДУЖЕЊЕ ЗА ЕЛЕКТРИЧНУ ЕНЕРГИЈУ У ОБРАЧУНСКОМ ПЕРИОДУ(1+2+3) 2.461,65",struja14
output_rows/struja2_racun_za_struju_r0.jpg,ОБРАЧУН ЗА ЕЛЕКТРИЧНУ ЕНЕРГИЈУ,struja2
output_rows/struja2_racun_za_struju_r1.jpg,ТАРИФА,struja2
output_rows/struja2_racun_za_struju_r2.jpg,Утрошено Цена по Износ,struja2
output_rows/struja2_racun_za_struju_r3.jpg,(kW/kWh) јединици (динара),struja2
output_rows/struja2_racun_za_struju_r4.jpg,Трошкови који не зависе од потрошње електричне енергије,struja2
output_rows/struja2_racun_za_struju_r5.jpg,"Обрачунска снага(kW) 11,04 54,2580 599,01",struja2
output_rows/struja2_racun_za_struju_r6.jpg,"Трошак гарантованог снабдевача 160,67",struja2
output_rows/struja2_racun_za_struju_r7.jpg,"Енергија(kWh) 539 2.938,87",struja2
output_rows/struja2_racun_za_struju_r8.jpg,"Виша тарифа(ВТ) 128 9,1092 1.165,98",struja2
output_rows/struja2_racun_za_struju_r9.jpg,"Нижа тарифа(НТ) 234 2,2773 532,89",struja2
output_rows/struja2_racun_za_struju_r10.jpg,Зелена зона,struja2
output_rows/struja2_racun_za_struju_r11.jpg,Плава зона,struja2
output_rows/struja2_racun_za_struju_r12.jpg,Црвена зона,struja2
output_rows/struja2_racun_za_struju_r13.jpg,"Виша тарифа(ВТ) 62 13,6638 847,16",struja2
output_rows/struja2_racun_za_struju_r14.jpg,"НИжа тарифа(НТ) 115 3,4160 392,84",struja2
output_rows/struja2_racun_za_struju_r15.jpg,ЈТ/ДУТ,struja2
output_rows/struja2_racun_za_struju_r16.jpg,"Остварена просечна цена електричне енергије (дин/kWh): 6,86",struja2
output_rows/struja2_racun_za_struju_r17.jpg,"ЗАДУЖЕЊЕ ЗА ЕЛЕКТРИЧНУ ЕНЕРГИЈУ У ОБРАЧУНСКОМ ПЕРИОДУ(1+2+3) 3.698,55",struja2
output_rows/struja23_racun_za_struju_r0.jpg,ОБРАЧУН ЗА ЕЛЕКТРИЧНУ ЕНЕРГИЈУ,struja23
output_rows/struja23_racun_za_struju_r1.jpg,ТАРИФА,struja23
output_rows/struja23_racun_za_struju_r2.jpg,Утрошено Цена по Износ,struja23
output_rows/struja23_racun_za_struju_r3.jpg,(kW/kWh) јединици (динара),struja23
output_rows/struja23_racun_za_struju_r4.jpg,Трошкови који не зависе од потрошње електричне енергије,struja23
output_rows/struja23_racun_za_struju_r5.jpg,"1 Обрачунска снага(kW) 11,04 60,8947 627,28",struja23
output_rows/struja23_racun_za_struju_r6.jpg,"2 Трошак гарантованог снабдевача 160,67",struja23
output_rows/struja23_racun_za_struju_r7.jpg,"3 Енергија(kWh) 686 3.321,49",struja23
output_rows/struja23_racun_za_struju_r8.jpg,Зелена зона,struja23
output_rows/struja23_racun_za_struju_r9.jpg,"Виша тарифа(ВТ) 76 9,6136 730,63",struja23
output_rows/struja23_racun_za_struju_r10.jpg,"Нижа тарифа(НТ) 286 2,4034 687,37",struja23
output_rows/struja23_racun_za_struju_r11.jpg,ЈТ/ДУТ,struja23
output_rows/struja23_racun_za_struju_r12.jpg,Плава зона,struja23
output_rows/struja23_racun_za_struju_r13.jpg,Црвена зона,struja23
output_rows/struja23_racun_za_struju_r14.jpg,"Виша тарифа(ВТ) 68 14,4203 980,58",struja23
output_rows/struja23_racun_za_struju_r15.jpg,"Нижа тарифа(НТ) 256 3,6051 922,91",struja23
output_rows/struja23_racun_za_struju_r16.jpg,"Остварена просечна цена електричне енергије (дин/kWh): 6,06",struja23
output_rows/struja23_racun_za_struju_r17.jpg,"4 ЗАДУЖЕЊЕ ЗА ЕЛЕКТРИЧНУ ЕНЕРГИЈУ У ОБРАЧУНСКОМ ПЕРИОДУ(1+2+3) 4.154,44",struja23
output_rows/struja3_racun_za_struju_r0.jpg,ОБРАЧУН ЗА ЕЛЕКТРИЧНУ ЕНЕРГИЈУ,struja3
output_rows/struja3_racun_za_struju_r1.jpg,ТАРИФА,struja3
output_rows/struja3_racun_za_struju_r2.jpg,Утрошено Цена по Износ,struja3
output_rows/struja3_racun_za_struju_r3.jpg,(kW/kWh) јединици (динара),struja3
output_rows/struja3_racun_za_struju_r4.jpg,ТРОШКОВИ КОЈИ НЕ ЗАВИСЕ ОД ПОТРОШЊЕ ЕЛЕКТРИЧНЕ ЕНЕРГИЈЕ,struja3
output_rows/struja3_racun_za_struju_r5.jpg,"1 Обрачунска снага(kW) 6,90 50,443 348,06",struja3
output_rows/struja3_racun_za_struju_r6.jpg,"2 Трошкови гарантованог снабдевача 137,93",struja3
output_rows/struja3_racun_za_struju_r7.jpg,"3 ЕНЕРГИЈЕ(kWh) 291 1.375,51",struja3
output_rows/struja3_racun_za_struju_r8.jpg,"Виша тарифа(ВТ) 199 6,196 1.233,00",struja3
output_rows/struja3_racun_za_struju_r9.jpg,"Нижа тарифа(НТ) 92 1,549 142,51",struja3
output_rows/struja3_racun_za_struju_r10.jpg,Једнотарифно(ЈТ)/ДУТ,struja3
output_rows/struja3_racun_za_struju_r11.jpg,Зелена зона,struja3
output_rows/struja3_racun_za_struju_r12.jpg,Плава зона,struja3
output_rows/struja3_racun_za_struju_r13.jpg,Црвена зона,struja3
output_rows/struja3_racun_za_struju_r14.jpg,"Остварена просечна цена електричне енергије(дин/kWh): 6,40",struja3
output_rows/struja3_racun_za_struju_r15.jpg,"Оства4 ЗАДУЖЕЊЕ ЗА ЕЛЕКТРИЧНУ ЕНЕРГИЈУ У ОБРАЧУНСКОМ ПЕРИОДУ(1+2+3) 1.861,50",struja3
output_rows/struja30_racun_za_struju_r0.jpg,ОБРАЧУН ЗА ЕЛЕКТРИЧНУ ЕНЕРГИЈУ,struja30
output_rows/struja30_racun_za_struju_r1.jpg,ТАРИФА,struja30
output_rows/struja30_racun_za_struju_r2.jpg,Утрошено Цена по Износ,struja30
output_rows/struja30_racun_za_struju_r3.jpg,(kW/kWh) јединици (динара),struja30
output_rows/struja30_racun_za_struju_r4.jpg,ТРОШКОВИ КОЈИ НЕ ЗАВИСЕ ОД ПОТРОШЊЕ ЕЛЕКТРИЧНЕ ЕНЕРГИЈЕ,struja30
output_rows/struja30_racun_za_struju_r5.jpg,"1 Обрачунска снага(kW) 6,90 54,2580 374,38",struja30
output_rows/struja30_racun_za_struju_r6.jpg,"2 Трошак гарантованог снабдевача 160,67",struja30
output_rows/struja30_racun_za_struju_r7.jpg,"3 Енергија(kWh) 101 756,07",struja30
output_rows/struja30_racun_za_struju_r8.jpg,"Виша тарифа(ВТ) 77 9,1092 701,41",struja30
output_rows/struja30_racun_za_struju_r9.jpg,"Нижа тарифа(НТ) 24 2,2773 54,66",struja30
output_rows/struja30_racun_za_struju_r10.jpg,Једнотарифно(ЈТ),struja30
output_rows/struja30_racun_za_struju_r11.jpg,Зелена зона,struja30
output_rows/struja30_racun_za_struju_r12.jpg,Плава зона,struja30
output_rows/struja30_racun_za_struju_r13.jpg,Црвена зона,struja30
output_rows/struja30_racun_za_struju_r14.jpg,"Остварена просечна цена електричне енергије(дин/kWh): 12,78",struja30
output_rows/struja30_racun_za_struju_r15.jpg,"4 ЗАДУЖЕЊЕ ЗА ЕЛЕКТРИЧНУ ЕНЕРГИЈУ У ОБРАЧУНСКОМ ПЕРИОДУ(1+2+3) 1.291,12",struja30
output_rows/struja32_racun_za_struju_r0.jpg,ОБРАЧУН ЗА ЕЛЕКТРИЧНУ ЕНЕРГИЈУ,struja32
output_rows/struja32_racun_za_struju_r1.jpg,ТАРИФА,struja32
output_rows/struja32_racun_za_struju_r2.jpg,Утрошено Цена по Износ,struja32
output_rows/struja32_racun_za_struju_r3.jpg,(kW/kWh) јединици (динара),struja32
output_rows/struja32_racun_za_struju_r4.jpg,Трошкови који не зависе од потрошње електричне енергије,struja32
output_rows/struja32_racun_za_struju_r5.jpg,"1 Обрачунска снага(kW) 11,04 52,158 575,82",struja32
output_rows/struja32_racun_za_struju_r6.jpg,"2 Трошак гарантованог снабдевача 142,62",struja32
output_rows/struja32_racun_za_struju_r7.jpg,"3 Енергија(kWh) 656 2.815,52",struja32
output_rows/struja32_racun_za_struju_r8.jpg,"Виша тарифа(ВТ) 149 6,408 954,79",struja32
output_rows/struja32_racun_za_struju_r9.jpg,Зелена зона,struja32
output_rows/struja32_racun_za_struju_r10.jpg,"Нижа тарифа(НТ) 224 1,602 358,85",struja32
output_rows/struja32_racun_za_struju_r11.jpg,ЈТ/ДУТ,struja32
output_rows/struja32_racun_za_struju_r12.jpg,Плава зона,struja32
output_rows/struja32_racun_za_struju_r13.jpg,"Виша тарифа(ВТ) 114 9,612 1.095,77",struja32
output_rows/struja32_racun_za_struju_r14.jpg,"Нижа тарифа(НТ) 169 2,403 406,11",struja32
output_rows/struja32_racun_za_struju_r15.jpg,Црвена зона,struja32
output_rows/struja32_racun_za_struju_r16.jpg,"Остварена просечна цена електричне енергије(дин/kWh): 5,39",struja32
output_rows/struja32_racun_za_struju_r17.jpg,"4 ЗАДУЖЕЊЕ ЗА ЕЛЕКТРИЧНУ ЕНЕРГИЈУ У ОБРАЧУНСКОМ ПЕРИОДУ(1+2+3) 3.533,96",struja32
output_rows/struja45_racun_za_struju_r0.jpg,ОБРАЧУН ЗА ЕЛЕКТРИЧНУ ЕНЕРГИЈУ,struja45
output_rows/struja45_racun_za_struju_r1.jpg,ТАРИФА,struja45
output_rows/struja45_racun_za_struju_r2.jpg,Утрошено Цена по Износ,struja45
output_rows/struja45_racun_za_struju_r3.jpg,(kW/kWh) јединици (динара),struja45
output_rows/struja45_racun_za_struju_r4.jpg,ТРОШКОВИ КОЈИ НЕ ЗАВИСЕ ОД ПОТРОШЊЕ ЕЛЕКТРИЧНЕ ЕНЕРГИЈЕ,struja45
output_rows/struja45_racun_za_struju_r5.jpg,"1 Обрачунска снага(kW) 6,90 54,2580 374,38",struja45
output_rows/struja45_racun_za_struju_r6.jpg,"2 Трошак гарантованог снабдевача 160,67",struja45
output_rows/struja45_racun_za_struju_r7.jpg,"3 Енергија (kWh) 114 840,32",struja45
output_rows/struja45_racun_za_struju_r8.jpg,Зелена зона,struja45
output_rows/struja45_racun_za_struju_r9.jpg,"Виша тарифа (ВТ) 85 9,1092 774,28",struja45
output_rows/struja45_racun_za_struju_r10.jpg,"Нижа тарифа (НТ) 29 2,2773 66,04",struja45
output_rows/struja45_racun_za_struju_r11.jpg,Плава зона,struja45
output_rows/struja45_racun_za_struju_r12.jpg,Једнотарифно(ЈТ),struja45
output_rows/struja45_racun_za_struju_r13.jpg,Црвена зона,struja45
output_rows/struja45_racun_za_struju_r14.jpg,"Остварена просечна цена електричне енергије (дин/kWh): 12,06",struja45
output_rows/struja45_racun_za_struju_r15.jpg,"4 ЗАДУЖЕЊЕ ЗА ЕЛЕКТРИЧНУ ЕНЕРГИЈУ У ОБРАЧУНСКОМ ПЕРИОДУ (1+2+3) 1.375,37",struja45
output_rows/struja44_racun_za_struju_r0.jpg,ОБРАЧУН ЗА ЕЛЕКТРИЧНУ ЕНЕРГИЈУ,struja44
output_rows/struja44_racun_za_struju_r1.jpg,ТАРИФА,struja44
output_rows/struja44_racun_za_struju_r2.jpg,Утрошено Цена по Износ,struja44
output_rows/struja44_racun_za_struju_r3.jpg,(kW/kWh) јединици (динара),struja44
output_rows/struja44_racun_za_struju_r4.jpg,"1 Обрачунска снага (kW) 6,90 54,2580 374,38",struja44
output_rows/struja44_racun_za_struju_r5.jpg,"2 Трошак гарантованог снабдевача 146,52",struja44
output_rows/struja44_racun_za_struju_r6.jpg,"3 Енергија (kWh) 79 527,25",struja44
output_rows/struja44_racun_za_struju_r7.jpg,"Виша тарифа(ВТ) 58 8,3360 483,49",struja44
output_rows/struja44_racun_za_struju_r8.jpg,"Нижа тарифа(НТ) 21 2,0840 43,76",struja44
output_rows/struja44_racun_za_struju_r9.jpg,"Остварена просечна цена електричне енергије (дин/kWh): 13,27",struja44
output_rows/struja44_racun_za_struju_r10.jpg,"1.048,15",struja44
output_rows/struja43_racun_za_struju_r0.jpg,ОБРАЧУН ЗА ЕЛЕКТРИЧНУ ЕНЕРГИЈУ,struja43
output_rows/struja43_racun_za_struju_r1.jpg,ТАРИФА,struja43
output_rows/struja43_racun_za_struju_r2.jpg,Утрошено Цена по Износ,struja43
output_rows/struja43_racun_za_struju_r3.jpg,(kW/kWh) јединици (динара),struja43
output_rows/struja43_racun_za_struju_r4.jpg,Трошкови који не зависе од потрошње електричне еенргије,struja43
output_rows/struja43_racun_za_struju_r5.jpg,"1 Обрачунска снага(kW) 6,90 60,8947 420,17",struja43
output_rows/struja43_racun_za_struju_r6.jpg,"2 Трошкови гарантованог снабдевача 160,67",struja43
output_rows/struja43_racun_za_struju_r7.jpg,"3 Енергија(kWh) 175 1.372,35",struja43
output_rows/struja43_racun_za_struju_r8.jpg,"Виша тарифа(ВТ) 132 9,6136 1.269,00",struja43
output_rows/struja43_racun_za_struju_r9.jpg,"Нижа тарифа(НТ) 43 2,4034 103,35",struja43
output_rows/struja43_racun_za_struju_r10.jpg,Зелена зона,struja43
output_rows/struja43_racun_za_struju_r11.jpg,Плава зона,struja43
output_rows/struja43_racun_za_struju_r12.jpg,Црвена зона,struja43
output_rows/struja43_racun_za_struju_r13.jpg,ЈТ/ДУТ,struja43
output_rows/struja43_racun_za_struju_r14.jpg,"Остварена просечна цена електричне енергије (дин/kWh): 11,16",struja43
output_rows/struja43_racun_za_struju_r15.jpg,"ЗАДУЖЕЊЕ ЗА ЕЛЕКТРИЧНУ ЕНЕРГИЈУ У ОБРАЧУНСКОМ ПЕРИОДУ(1+2+3) 1.953,19",struja43
output_rows/struja42_racun_za_struju_r0.jpg,Утрошено једнотарифно(ЈТ),struja42
output_rows/struja42_racun_za_struju_r1.jpg,ОБРАЧУН ЗА ЕЛЕКТРИЧНУ ЕНЕРГИЈУ,struja42
output_rows/struja42_racun_za_struju_r2.jpg,ТАРИФА,struja42
output_rows/struja42_racun_za_struju_r3.jpg,Утрошено Цена по Износ,struja42
output_rows/struja42_racun_za_struju_r4.jpg,(kW/kWh) јединици (динара),struja42
output_rows/struja42_racun_za_struju_r5.jpg,Трошкови који не зависе од потрошње електричне енергије,struja42
output_rows/struja42_racun_za_struju_r6.jpg,1 Обрачунска снага(kW),struja42
output_rows/struja42_racun_za_struju_r7.jpg,"6,90 54,2580 374,38",struja42
output_rows/struja42_racun_za_struju_r8.jpg,2 Трошак гарантованог снабдевача,struja42
output_rows/struja42_racun_za_struju_r9.jpg,"160,67",struja42
output_rows/struja42_racun_za_struju_r10.jpg,3 Енергија(kWh) 174,struja42
output_rows/struja42_racun_za_struju_r11.jpg,"1.202,42",struja42
output_rows/struja42_racun_za_struju_r12.jpg,Зелена зона,struja42
output_rows/struja42_racun_za_struju_r13.jpg,Плава зона,struja42
output_rows/struja42_racun_za_struju_r14.jpg,Црвена зона,struja42
output_rows/struja42_racun_za_struju_r15.jpg,"Нижа тарифа(НТ) 56 2,2773 127,53",struja42
output_rows/struja42_racun_za_struju_r16.jpg,ЈТ/ДУТ,struja42
output_rows/struja42_racun_za_struju_r17.jpg,"Остварена просечна цена електричне енергије (дин/kWh): 9,99",struja42
output_rows/struja42_racun_za_struju_r18.jpg,"У ОБРАЧУНСКОМ ПЕРИОДУ(1+2+3) 1.737,47",struja42
output_rows/struja40_racun_za_struju_r0.jpg,ОБРАЧУН ЗА ЕЛЕКТРИЧНУ ЕНЕРГИЈУ,struja40
output_rows/struja40_racun_za_struju_r1.jpg,ТАРИФА,struja40
output_rows/struja40_racun_za_struju_r2.jpg,Утрошено Цена по Износ,struja40
output_rows/struja40_racun_za_struju_r3.jpg,(kW/kWh) јединици (динара),struja40
output_rows/struja40_racun_za_struju_r4.jpg,Трошкови који не зависе од потрошње електричне енергије,struja40
output_rows/struja40_racun_za_struju_r5.jpg,"1 Обрачунска снага(kW) 11,04 52,158 575,82",struja40
output_rows/struja40_racun_za_struju_r6.jpg,"2 Трошак гарантованог снабдевача 142,62",struja40
output_rows/struja40_racun_za_struju_r7.jpg,"3 Енергија(kWh) 766 3.291,32",struja40
output_rows/struja40_racun_za_struju_r8.jpg,Зелена зона,struja40
output_rows/struja40_racun_za_struju_r9.jpg,Плава зона,struja40
output_rows/struja40_racun_za_struju_r10.jpg,Црвена зона,struja40
output_rows/struja40_racun_za_struju_r11.jpg,"Виша тарифа(ВТ) 147 6,408 941,98",struja40
output_rows/struja40_racun_za_struju_r12.jpg,"Нижа тарифа(НТ) 238 1,602 381,28",struja40
output_rows/struja40_racun_za_struju_r13.jpg,ЈТ/ДУТ,struja40
output_rows/struja40_racun_za_struju_r14.jpg,"Виша тарифа(ВТ) 146 9,612 1.403,35",struja40
output_rows/struja40_racun_za_struju_r15.jpg,"Нижа тарифа(ВТ) 235 2,403 564,71",struja40
output_rows/struja40_racun_za_struju_r16.jpg,"Остварена просечна цена електричне енергије (дин/kWh): 5,23",struja40
output_rows/struja40_racun_za_struju_r17.jpg,"4 ЗАДУЖЕЊЕ ЗА ЕЛЕКТРИЧНУ ЕНЕРГИЈУ У ОБРАЧУНСКОМ ПЕРИОДУ (1+2+3) 4.009,76",struja40
output_rows/struja4_racun_za_struju_r0.jpg,ТАРИФА,struja4
output_rows/struja4_racun_za_struju_r1.jpg,Утрошено Цена по Износ,struja4
output_rows/struja4_racun_za_struju_r2.jpg,(kW/kWh) јединици (динара),struja4
output_rows/struja4_racun_za_struju_r3.jpg,ТРОШКОВИ КОЈИ НЕ ЗАВИСЕ ОД ПОТРОШЊЕ ЕЛЕКТРИЧНЕ ЕНЕРГИЈЕ,struja4
output_rows/struja4_racun_za_struju_r4.jpg,"1 Обрачунски период(kW) 11,04 50,443 556,89",struja4
output_rows/struja4_racun_za_struju_r5.jpg,"2 Трошак гарантованог снабдевача 137,93",struja4
output_rows/struja4_racun_za_struju_r6.jpg,"3 ЕНЕРГИЈА(kWh) 970 4.041,92",struja4
output_rows/struja4_racun_za_struju_r7.jpg,Зелена зона,struja4
output_rows/struja4_racun_za_struju_r8.jpg,"Виша тарифа(ВТ) 137 6,196 848,85",struja4
output_rows/struja4_racun_za_struju_r9.jpg,"Нижа тарифа(НТ) 248 1,549 384,15",struja4
output_rows/struja4_racun_za_struju_r10.jpg,Једнотарифно(ЈТ)/ДУТ,struja4
output_rows/struja4_racun_za_struju_r11.jpg,Плава зона,struja4
output_rows/struja4_racun_za_struju_r12.jpg,"Виша тарифа(ВТ) 208 9,294 1.933,15",struja4
output_rows/struja4_racun_za_struju_r13.jpg,"Нижа тарифа(НТ) 377 2,323 875,77",struja4
output_rows/struja4_racun_za_struju_r14.jpg,Црвена зона,struja4
output_rows/struja4_racun_za_struju_r15.jpg,"Остварена просечна цена електричне енергије (дин/kWh): 4,88",struja4
output_rows/struja4_racun_za_struju_r16.jpg,"4 ЗАДУЖЕЊЕ ЗА ЕЛЕКТРИЧНУ ЕНЕРГИЈУ У ОБРАЧУНСКОМ ПЕРИОДУ(1+2+3) 4.736,74",struja4
output_rows/struja39_racun_za_struju_r0.jpg,ПОТРОШЊА У ОБРАЧУНСКОМ ПЕРИОДУ 114kWh,struja39
output_rows/struja39_racun_za_struju_r1.jpg,"А УКУПНО ЗАДУЖЕЊЕ ЗА ОБРАЧУНСКИ ПЕРИОД 2.109,94 дин.",struja39
output_rows/struja39_racun_za_struju_r2.jpg,"Б ДУГ ИЗ ПРЕТХОДНОГ ОБРАЧУНСКОГ ПЕРИОДА 1.865,63 дин.",struja39
output_rows/struja39_racun_za_struju_r3.jpg,"В ЗА УПЛАТУ ЗА ЕЛЕКТРИЧНУ ЕНЕРГИЈУ(А+Б) 3.975,57 дин.",struja39
output_rows/struja39_racun_za_struju_r4.jpg,Рок за плаћање: 28.02.2024.,struja39
output_rows/struja38_racun_za_struju_r0.jpg,ПОТРОШЊА У ОБРАЧУНСКОМ ПЕРИОДУ 766kWh,struja38
output_rows/struja38_racun_za_struju_r1.jpg,"A УКУПНО ЗАДУЖЕЊЕ ЗА ОБРАЧУНСКИ ПЕРИОД 5.918,23 дин",struja38
output_rows/struja38_racun_za_struju_r2.jpg,"Б ДУГ ИЗ ПРЕТХОДНОГ ОБРАЧУНСКОГ ПЕРИОДА 5.697,40 дин",struja38
output_rows/struja38_racun_za_struju_r3.jpg,"В ЗА УПЛАТУ ЗА ЕЛЕКТРИЧНУ ЕНЕРГИЈУ(А+Б) и ЗП 11.805,01 дин",struja38
output_rows/struja38_racun_za_struju_r4.jpg,Рок за плаћање: 29.11.2021.,struja38
output_rows/struja37_racun_za_struju_r0.jpg,ПОТРОШЊА У ОБРАЧУНСКОМ ПЕРИОДУ 686kWh,struja37
output_rows/struja37_racun_za_struju_r1.jpg,"A УКУПНО ЗАДУЖЕЊЕ ЗА ОБРАЧУНСКИ ПЕРИОД 6.172,61 дин",struja37
output_rows/struja37_racun_za_struju_r2.jpg,"Б ПРЕПЛАТА ЗА ПРЕТХОДНИ ОБРАЧУНСКИ ПЕРИОД 0,00 дин",struja37
output_rows/struja37_racun_za_struju_r3.jpg,"В ЗА УПЛАТУ ЗА ЕЛЕКТРИЧНУ ЕНЕРГИЈУ (А+Б) и ЗП 6.413,26 ДИН",struja37
output_rows/struja37_racun_za_struju_r4.jpg,Рок за плаћање: 28.02.2026.,struja37
output_rows/struja35_racun_za_struju_r0.jpg,ПОТРОШЊА У ОБРАЧУНСКОМ ПЕРИОДУ 93 kWh,struja35
output_rows/struja35_racun_za_struju_r1.jpg,"A УКУПНО ЗАДУЖЕЊЕ ЗА ОБРАЧУНСКИ ПЕРИОД 1.906,15 дин.",struja35
output_rows/struja35_racun_za_struju_r2.jpg,"Б ПРЕПЛАТА ЗА ПРЕТХОДНИ ОБРАЧУНСКИ ПЕРИОД -143,52 дин.",struja35
output_rows/struja35_racun_za_struju_r3.jpg,"В ЗА УПЛАТУ ЗА ЕЛЕКТРИЧНУ ЕНЕРГИЈУ(А+Б) 1.762,63 дин.",struja35
output_rows/struja35_racun_za_struju_r4.jpg,Рок за плаћање: 28.03.2024.,struja35
output_rows/struja34_racun_za_struju_r0.jpg,ПОТРОШЊА У ОБРАЧУНСКОМ ПЕРИОДУ 96 kWh,struja34
output_rows/struja34_racun_za_struju_r1.jpg,"A УКУПНО ЗАДУЖЕЊЕ ЗА ОБРАЧУНСКИ ПЕРИОД 2.015,66 дин.",struja34
output_rows/struja34_racun_za_struju_r2.jpg,"Б ДУГ ИЗ ПРЕТХОДНОГ ОБРАЧУНСКОГ ПЕРИОДА 1.778,50 дин.",struja34
output_rows/struja34_racun_za_struju_r3.jpg,"В ЗА УПЛАТУ ЗА ЕЛЕКТРИЧНУ ЕНЕРГИЈУ(А+Б) 3.794,16 дин.",struja34
output_rows/struja34_racun_za_struju_r4.jpg,Рок за плаћање: 29.01.2024.,struja34
output_rows/struja33_racun_za_struju_r0.jpg,ПОТРОШЊА У ОБРАЧУНСКОМ ПЕРИОДУ 356kWh,struja33
output_rows/struja33_racun_za_struju_r1.jpg,"А УКУПНО ЗАДУЖЕЊЕ ЗА ОБРАЧУНСКИ ПЕРИОД 3.242,06 дин",struja33
output_rows/struja33_racun_za_struju_r2.jpg,"Б ДУГ ИЗ ПРЕТХОДНОГ ОБРАЧУНСКОГ ПЕРИОДА 7.697,82 дин",struja33
output_rows/struja33_racun_za_struju_r3.jpg,"В ЗА УПЛАТУ ЗА ЕЛЕКТРИЧНУ ЕНЕРГИЈУ (А+Б) иЗП 11.107,11 дин",struja33
output_rows/struja33_racun_za_struju_r4.jpg,Рок за плаћање: 28.06.2021.,struja33
output_rows/struja31_racun_za_struju_r0.jpg,ПОТРОШЊА У ОБРАЧУНСКОМ ПЕРИОДУ 245kWh,struja31
output_rows/struja31_racun_za_struju_r1.jpg,"A УКУПНО ЗАДУЖЕЊЕ ЗА ОБРАЧУНСКИ ПЕРИОД 3.514,13 дин",struja31
output_rows/struja31_racun_za_struju_r2.jpg,"Б ПРЕПЛАТА ЗА ПРЕТХОДНИ ОБРАЧУНСКИ ПЕРИОД 0,00 дин",struja31
output_rows/struja31_racun_za_struju_r3.jpg,"В ЗА УПЛАТУ ЗА ЕЛЕКТРИЧНУ ЕНЕРГИЈУ (А+Б) и ЗП 3.741,53 дин",struja31
output_rows/struja31_racun_za_struju_r4.jpg,Рок за плаћање: 28.05.2025.,struja31
output_rows/struja29_racun_za_struju_r0.jpg,ПОТРОШЊА У ОБРАЧУНСКОМ ПЕРИОДУ 320kWh,struja29
output_rows/struja29_racun_za_struju_r1.jpg,"A УКУПНО ЗАДУЖЕЊЕ ЗА ОБРАЧУНСКИ ПЕРИОД 4.575,16 дин",struja29
output_rows/struja29_racun_za_struju_r2.jpg,"Б ДУГ ИЗ ПРЕТХОДНОНОГ ОБРАЧУНСКОГ ПЕРИОДА 5.922,09 дин",struja29
output_rows/struja29_racun_za_struju_r3.jpg,"В ЗА УПЛАТУ ЗА ЕЛЕКТРИЧНУ НЕРГИЈУ(А+Б) и ЗП 10.685,88 дин",struja29
output_rows/struja29_racun_za_struju_r4.jpg,Рок за плаћање: 28.08.2024.,struja29
output_rows/struja28_racun_za_struju_r0.jpg,ПОТРОШЊА У ОБРАЧУНСКОМ ПЕРИОДУ 0 kWh,struja28
output_rows/struja28_racun_za_struju_r1.jpg,"A УКУПНО ЗАДУЖЕЊЕ ЗА ОБРАЧУНСКИ ПЕРИОД 933,99 дин.",struja28
output_rows/struja28_racun_za_struju_r2.jpg,"Б ПРЕПЛАТА ЗА ПРЕТХОДНИ ОБРАЧУНСКИ ПЕРИОД 0,00 дин.",struja28
output_rows/struja28_racun_za_struju_r3.jpg,"В ЗА УПЛАТУ ЗА ЕЛЕКТРИЧНУ ЕНЕРГИЈУ(А+Б) 933,99 дин.",struja28
output_rows/struja28_racun_za_struju_r4.jpg,Рок за плаћање: 28.05.2024.,struja28
output_rows/struja27_racun_za_struju_r0.jpg,ПОТРОШЊА У ОБРАЧУНСКОМ ПЕРИОДУ 0 kWh,struja27
output_rows/struja27_racun_za_struju_r1.jpg,"А УКУПНО ЗАДУЖЕЊЕ ЗА ОБРАЧУНСКИ ПЕРИОД 1.051,06 дин",struja27
output_rows/struja27_racun_za_struju_r2.jpg,"Б ПРЕПЛАТА ЗА ПРЕТХОДНИ ОБРАЧУНСКИ ПЕРИОД -4.640,15 дин",struja27
output_rows/struja27_racun_za_struju_r3.jpg,"В ПРЕПЛАТА ЗА ЕЛЕКТРИЧНУ ЕНЕРГИЈУ(А+Б) -3.589,09 дин",struja27
output_rows/struja27_racun_za_struju_r4.jpg,Рок за плаћање: 28.03.2026.,struja27
output_rows/struja24_racun_za_struju_r0.jpg,ПОТРОШЊА У ОБРАЧУНСКОМ ПЕРИОДУ 1.199kWh,struja24
output_rows/struja24_racun_za_struju_r1.jpg,"A УКУПНО ЗАДУЖЕЊЕ ЗА ОБРАЧУНСКИ ПЕРИОД 12.242,84 дин",struja24
output_rows/struja24_racun_za_struju_r2.jpg,"Б ПРЕПЛАТА ЗА ПРЕТХОДНИ ОБРАЧУНСКИ ПЕРИОД -17,20 дин",struja24
output_rows/struja24_racun_za_struju_r3.jpg,"В ЗА УПЛАТУ ЗА ЕЛЕКТРИЧНУ ЕНЕРГИЈУ (А+Б) 12.225,64 дин",struja24
output_rows/struja24_racun_za_struju_r4.jpg,Рок за плаћање: 28.02.2026.,struja24
output_rows/struja22_racun_za_struju_r0.jpg,ПОТРОШЊА У ОБРАЧУНСКОМ ПЕРИОДУ 196kWh,struja22
output_rows/struja22_racun_za_struju_r1.jpg,"A УКУПНО ЗАДУЖЕЊЕ ЗА ОБРАЧУНСКИ ПЕРИОД 1.969,05 дин",struja22
output_rows/struja22_racun_za_struju_r2.jpg,"Б ПРЕПЛАТА ЗА ПРЕТХОДНИ ОБРАЧУНСКИ ПЕРИОД -0,60 дин",struja22
output_rows/struja22_racun_za_struju_r3.jpg,"В ЗА УПЛАТУ ЕЛЕКТРИЧНУ ЕНЕРГИЈЕ (А+Б) 1.968,45 дин",struja22
output_rows/struja22_racun_za_struju_r4.jpg,Рок за плаћање: 29.04.2024.,struja22
output_rows/struja21_racun_za_struju_r5.jpg,ПОТРОШЊА У ОБРАЧУНСКОМ ПЕРИОДУ 238kWh,struja21
output_rows/struja21_racun_za_struju_r6.jpg,"A УКУПНО ЗАДУЖЕЊЕ ЗА ОБРАЧУНСКИ ПЕРИОД 3.046,78 дин",struja21
output_rows/struja21_racun_za_struju_r7.jpg,"Б ПРЕПЛАТА ЗА ПРЕТХОДНИ ОБРАЧУНСКИ ПЕРИОД 0,00 дин",struja21
output_rows/struja21_racun_za_struju_r8.jpg,"В ЗА УПЛАТУ ЗА ЕЛЕКТРИЧНУ ЕНЕРГИЈУ(А+Б) 3.046,78 дин",struja21
output_rows/struja21_racun_za_struju_r9.jpg,Рок за плаћање: 28.01.2025.,struja21
output_rows/struja20_racun_za_struju_r0.jpg,ПОТРОШЊА У ОБРАЧУНСКОМ ПЕРИОДУ 157kWh,struja20
output_rows/struja20_racun_za_struju_r1.jpg,"A УКУПНО ЗАДУЖЕЊЕ ЗА ОБРАЧУНСКИ ПЕРИОД 2.576,34 дин",struja20
output_rows/struja20_racun_za_struju_r2.jpg,"Б ДУГ ИЗ ПРЕТХОДНОГ ОБРАЧУНСКОГ ПЕРИОДА 8,28 дин",struja20
output_rows/struja20_racun_za_struju_r3.jpg,"В ЗА УПЛАТУ ЗА ЕЛЕКТРИЧНУ ЕНЕРГИЈУ(А+Б) 2.584,62 дин",struja20
output_rows/struja20_racun_za_struju_r4.jpg,Рок за плаћање: 29.07.2024.,struja20
output_rows/struja19_racun_za_struju_r0.jpg,"A УКУПНО ЗАДУЖЕЊЕ ЗА ОБРАЧУНСКИ ПЕРИОД 2.007,05 дин",struja19
output_rows/struja19_racun_za_struju_r1.jpg,ПОТРОШЊА У ОБРАЧУНСКОМ ПЕРИОДУ 114kWh,struja19
output_rows/struja19_racun_za_struju_r2.jpg,"Б ПРЕПЛАТА ЗА ПРЕТХОДНИ ОБРАЧУНСКИ ПЕРИОД -3,26 дин",struja19
output_rows/struja19_racun_za_struju_r3.jpg,"В ЗА УПЛАТУ ЗА ЕЛЕКТРИЧНУ ЕНЕРГИЈУ(А+Б) 2.003,79 дин",struja19
output_rows/struja19_racun_za_struju_r4.jpg,Рок за плаћање: 28.11.2024.,struja19
output_rows/struja17_racun_za_struju_r0.jpg,ПОТРОШЊА У ОБРАЧУНСКОМ ПЕРИОДУ 157kWh,struja17
output_rows/struja17_racun_za_struju_r1.jpg,"А УКУПНО ЗАДУЖЕЊЕ ЗА ОБРАЧУНСКИ ПЕРИОД 2.576,34 дин",struja17
output_rows/struja17_racun_za_struju_r2.jpg,"Б ДУГ ИЗ ПРЕТХОДНОГ ОБРАЧУНСКОГ ПЕРИОДА 8,28 дин",struja17
output_rows/struja17_racun_za_struju_r3.jpg,"В ЗА УПЛАТУ ЗА ЕЛЕКТРИЧНУ ЕНЕРГИЈУ (А+Б) 2.584,62 дин",struja17
output_rows/struja17_racun_za_struju_r4.jpg,Рок за плаћање: 29.07.2024.,struja17
output_rows/struja16_racun_za_struju_r0.jpg,ПОТРОШЊА У ОБРАЧУНСКОМ ПЕРИОДУ 114 kWh,struja16
output_rows/struja16_racun_za_struju_r1.jpg,"А УКУПНО ЗАДУЖЕЊЕ ЗА ОБРАЧУНСКИ ПЕРИОД 2.109,94 дин.",struja16
output_rows/struja16_racun_za_struju_r2.jpg,"Б ДУГ ИЗ ПРЕТХОДНОГ ОБРАЧУНСКОГ ПЕРИОДА 1.865,63 дин.",struja16
output_rows/struja16_racun_za_struju_r3.jpg,"В ЗА УПЛАТУ ЗА ЕЛЕКТРИЧНУ ЕНЕРГИЈУ(А+Б) 3.975,57 дин.",struja16
output_rows/struja16_racun_za_struju_r4.jpg,Рок за плаћање: 28.02.2024.,struja16
output_rows/struja15_racun_za_struju_r0.jpg,ПОТРОШЊА У ОБРАЧУНСКОМ ПЕРИОДУ 572kWh,struja15
output_rows/struja15_racun_za_struju_r1.jpg,"A УКУПНО ЗАДУЖЕЊЕ ЗА ОБРАЧУНСКИ ПЕРИОД 8.837,31 дин",struja15
output_rows/struja15_racun_za_struju_r2.jpg,"Б ПРЕПЛАТА ЗА ПРЕТХОДНИ ОБРАЧУНСКИ ПЕРИОД 0,00 дин",struja15
output_rows/struja15_racun_za_struju_r3.jpg,"В ЗА УПЛАТУ ЗА ЕЛЕКТРИЧНУ ЕНЕРГИЈУ(А+Б) 8.837,31 дин",struja15
output_rows/struja15_racun_za_struju_r4.jpg,Рок за плаћање: 28.05.2026.,struja15
output_rows/struja13_racun_za_struju_r0.jpg,ПОТРОШЊА У ОБРАЧУНСКОМ ПЕРИОДУ 739kWh,struja13
output_rows/struja13_racun_za_struju_r1.jpg,"A УКУПНО ЗАДУЖЕЊЕ ЗА ОБРАЧУНСКИ ПЕРИОД 7.330,17 дин",struja13
output_rows/struja13_racun_za_struju_r2.jpg,"Б ДУГ ИЗ ПРЕТХОДНОГ ОБРАЧУНСКОГ ПЕРИОДА 6.705,75 дин",struja13
output_rows/struja13_racun_za_struju_r3.jpg,"В ЗА УПЛАТУ ЗА ЕЛЕКТРИЧНУ ЕНЕРГИЈУ (А+Б) и ЗП 14.257,81 дин",struja13
output_rows/struja13_racun_za_struju_r4.jpg,Рок за плаћање: 28.02.2025.,struja13
output_rows/struja12_racun_za_struju_r0.jpg,ПОТРОШЊА У ОБРАЧУНСКОМ ПЕРИОДУ 656kWh,struja12
output_rows/struja12_racun_za_struju_r1.jpg,"А УКУПНО ЗАДУЖЕЊЕ ЗА ОБРАЧУНСКИ ПЕРИОД 5.240,31 дин",struja12
output_rows/struja12_racun_za_struju_r2.jpg,"Б ДУГ ИЗ ПРЕТХОДНОГ ОБРАЧУНСКОГ ПЕРИОДА 2.115,16 дин",struja12
output_rows/struja12_racun_za_struju_r3.jpg,"В ЗА УПЛАТУ ЗА ЕЛЕКТРИЧНУ ЕНЕРГИЈУ(А+Б) и ЗП 7.678,01 дин",struja12
output_rows/struja12_racun_za_struju_r4.jpg,Рок за плаћање: 28.05.2021.,struja12
output_rows/struja1_racun_za_struju_r0.jpg,ПОТРОШЊА У ОБРАЧУНСКОМ ПЕРИОДУ 175kWh,struja1
output_rows/struja1_racun_za_struju_r1.jpg,"A УКУПНО ЗАДУЖЕЊЕ ЗА ОБРАЧУНСКИ ПЕРИОД 2.946,39 дин",struja1
output_rows/struja1_racun_za_struju_r2.jpg,"Б ПРЕПЛАТА ЗА ПРЕТХОДНИ ОБРАЧУНСКИ ПЕРИОД -7.868,38 дин",struja1
output_rows/struja1_racun_za_struju_r3.jpg,"В ПРЕПЛАТА ЗА ЕЛЕКТРИЧНУ ЕНЕРГИЈУ(А+Б) и ЗП -4.681,34 дин",struja1
output_rows/struja1_racun_za_struju_r4.jpg,Рок за плаћање: 28.02.2026.,struja1
